--------------------------------------------------------
--  File created - Monday-August-17-2015   
--------------------------------------------------------
--------------------------------------------------------
--  DDL for Table ERP_ACCOUNT_TYPE
--------------------------------------------------------

  CREATE TABLE "SYSTEM"."ERP_ACCOUNT_TYPE" 
   (	"ID" NUMBER(4,0), 
	"ACCOUNT_TYPE" NUMBER(4,0), 
	"DESCRIPTION" VARCHAR2(50 BYTE), 
	"SAS_NO" NUMBER
   ) PCTFREE 10 PCTUSED 40 INITRANS 1 MAXTRANS 255 NOCOMPRESS LOGGING
  STORAGE(INITIAL 65536 NEXT 1048576 MINEXTENTS 1 MAXEXTENTS 2147483645
  PCTINCREASE 0 FREELISTS 1 FREELIST GROUPS 1 BUFFER_POOL DEFAULT FLASH_CACHE DEFAULT CELL_FLASH_CACHE DEFAULT)
  TABLESPACE "SYSTEM" ;

   COMMENT ON COLUMN "SYSTEM"."ERP_ACCOUNT_TYPE"."ACCOUNT_TYPE" IS '0-INCOME;1-EXPENCE;2-ASSET;3-LIABILITY';
--------------------------------------------------------
--  DDL for Table ERP_LEDGER
--------------------------------------------------------

  CREATE TABLE "SYSTEM"."ERP_LEDGER" 
   (	"ID" NUMBER(4,0), 
	"ACCOUNT_TYPE" NUMBER(4,0), 
	"SAS_NO" NUMBER, 
	"ACCOUNT_NUMBER" NUMBER, 
	"CREDIT" FLOAT(126), 
	"DEBIT" FLOAT(126), 
	"LEDG_DATE" DATE, 
	"ASSET" NUMBER(2,0)
   ) PCTFREE 10 PCTUSED 40 INITRANS 1 MAXTRANS 255 NOCOMPRESS LOGGING
  STORAGE(INITIAL 65536 NEXT 1048576 MINEXTENTS 1 MAXEXTENTS 2147483645
  PCTINCREASE 0 FREELISTS 1 FREELIST GROUPS 1 BUFFER_POOL DEFAULT FLASH_CACHE DEFAULT CELL_FLASH_CACHE DEFAULT)
  TABLESPACE "SYSTEM" ;

   COMMENT ON COLUMN "SYSTEM"."ERP_LEDGER"."ACCOUNT_TYPE" IS 'ACCOUNT TYPES';
   COMMENT ON COLUMN "SYSTEM"."ERP_LEDGER"."SAS_NO" IS 'BRANCH CODE';
   COMMENT ON COLUMN "SYSTEM"."ERP_LEDGER"."ASSET" IS 'IS ASSETS/NOT';
--------------------------------------------------------
--  DDL for Table CUSTOMER
--------------------------------------------------------

  CREATE TABLE "SYSTEM"."CUSTOMER" 
   (	"CUS_CODE" VARCHAR2(255 BYTE), 
	"CUS_NAME" VARCHAR2(255 BYTE), 
	"ADDRESS" VARCHAR2(255 BYTE) DEFAULT NULL, 
	"EMAIL" VARCHAR2(255 BYTE), 
	"CONTACT_NO" VARCHAR2(255 BYTE) DEFAULT NULL, 
	"CREDIT_LEVEL" NUMBER(*,0) DEFAULT NULL, 
	"SAS_NO" NUMBER(*,0)
   ) PCTFREE 10 PCTUSED 40 INITRANS 1 MAXTRANS 255 NOCOMPRESS LOGGING
  STORAGE(INITIAL 65536 NEXT 1048576 MINEXTENTS 1 MAXEXTENTS 2147483645
  PCTINCREASE 0 FREELISTS 1 FREELIST GROUPS 1 BUFFER_POOL DEFAULT FLASH_CACHE DEFAULT CELL_FLASH_CACHE DEFAULT)
  TABLESPACE "SYSTEM" ;
--------------------------------------------------------
--  DDL for Table SALES_SUM
--------------------------------------------------------

  CREATE TABLE "SYSTEM"."SALES_SUM" 
   (	"INVOICE_NO" NUMBER(*,0), 
	"CUS_CODE" VARCHAR2(255 BYTE), 
	"DDATE" DATE, 
	"SALES_TYPE" NUMBER(*,0), 
	"TOTAL_AMOUNT" NUMBER(*,0), 
	"DISCOUNT" NUMBER(*,0) DEFAULT NULL, 
	"NET_AMOUNT" NUMBER(*,0), 
	"CASH" NUMBER(*,0) DEFAULT NULL, 
	"SAS_NO" NUMBER(*,0), 
	"CHEQUES" NUMBER, 
	"CREDITCARD" NUMBER, 
	"CREDIT" NUMBER
   ) PCTFREE 10 PCTUSED 40 INITRANS 1 MAXTRANS 255 NOCOMPRESS LOGGING
  STORAGE(INITIAL 65536 NEXT 1048576 MINEXTENTS 1 MAXEXTENTS 2147483645
  PCTINCREASE 0 FREELISTS 1 FREELIST GROUPS 1 BUFFER_POOL DEFAULT FLASH_CACHE DEFAULT CELL_FLASH_CACHE DEFAULT)
  TABLESPACE "SYSTEM" ;
--------------------------------------------------------
--  DDL for Table SAS
--------------------------------------------------------

  CREATE TABLE "SYSTEM"."SAS" 
   (	"SAS_NO" NUMBER(*,0), 
	"DESCRIPTION" VARCHAR2(255 BYTE), 
	"ADDRESS" VARCHAR2(20 BYTE), 
	"TELNO" VARCHAR2(20 BYTE), 
	"WEB" VARCHAR2(20 BYTE), 
	"FAX" VARCHAR2(20 BYTE)
   ) PCTFREE 10 PCTUSED 40 INITRANS 1 MAXTRANS 255 NOCOMPRESS LOGGING
  STORAGE(INITIAL 65536 NEXT 1048576 MINEXTENTS 1 MAXEXTENTS 2147483645
  PCTINCREASE 0 FREELISTS 1 FREELIST GROUPS 1 BUFFER_POOL DEFAULT FLASH_CACHE DEFAULT CELL_FLASH_CACHE DEFAULT)
  TABLESPACE "SYSTEM" ;
--------------------------------------------------------
--  DDL for Table LOAN_BALANCE
--------------------------------------------------------

  CREATE TABLE "SYSTEM"."LOAN_BALANCE" 
   (	"PAY_ID" NUMBER, 
	"AMMOUNT" NUMBER, 
	"EMPLOYEE_ID" NUMBER, 
	"LOAN_ID" NUMBER, 
	"BALANCE" NUMBER
   ) PCTFREE 10 PCTUSED 40 INITRANS 1 MAXTRANS 255 NOCOMPRESS LOGGING
  STORAGE(INITIAL 65536 NEXT 1048576 MINEXTENTS 1 MAXEXTENTS 2147483645
  PCTINCREASE 0 FREELISTS 1 FREELIST GROUPS 1 BUFFER_POOL DEFAULT FLASH_CACHE DEFAULT CELL_FLASH_CACHE DEFAULT)
  TABLESPACE "SYSTEM" ;
--------------------------------------------------------
--  DDL for Table PERSONAL_DETAILS
--------------------------------------------------------

  CREATE TABLE "SYSTEM"."PERSONAL_DETAILS" 
   (	"FIRST_NAME" VARCHAR2(20 BYTE), 
	"MIDDLE_NAME" VARCHAR2(20 BYTE), 
	"LAST_NAME" VARCHAR2(20 BYTE), 
	"EMPLOYEE_ID" NUMBER(*,0), 
	"USER_TYPE" VARCHAR2(20 BYTE), 
	"NIC" NUMBER(*,0), 
	"ISSU_DATE" DATE, 
	"MARITAL_STATUS" VARCHAR2(10 BYTE), 
	"NATIONALITY" VARCHAR2(15 BYTE), 
	"DATE_OF_BIRTH" DATE, 
	"NICK_NAME" VARCHAR2(10 BYTE), 
	"SMOKER" VARCHAR2(5 BYTE), 
	"MILITARY_SERVICE" VARCHAR2(15 BYTE), 
	"GENDER" VARCHAR2(20 BYTE), 
	"EMPLOYEE_NAME" VARCHAR2(150 BYTE), 
	"RELIGION" VARCHAR2(20 BYTE), 
	"SAS_NO" NUMBER
   ) PCTFREE 10 PCTUSED 40 INITRANS 1 MAXTRANS 255 NOCOMPRESS LOGGING
  STORAGE(INITIAL 65536 NEXT 1048576 MINEXTENTS 1 MAXEXTENTS 2147483645
  PCTINCREASE 0 FREELISTS 1 FREELIST GROUPS 1 BUFFER_POOL DEFAULT FLASH_CACHE DEFAULT CELL_FLASH_CACHE DEFAULT)
  TABLESPACE "SYSTEM" ;
--------------------------------------------------------
--  DDL for Table ERP_ACCOUNT_PAY_RECEIVE
--------------------------------------------------------

  CREATE TABLE "SYSTEM"."ERP_ACCOUNT_PAY_RECEIVE" 
   (	"ID" NUMBER(4,0), 
	"INVOICE_NO" VARCHAR2(20 BYTE), 
	"INV_DATE" DATE, 
	"CUSTOMER" VARCHAR2(100 BYTE), 
	"AMOUNT" FLOAT(126), 
	"REMARKS" VARCHAR2(100 BYTE), 
	"STATE" NUMBER(2,0), 
	"SAS_NO" NUMBER
   ) PCTFREE 10 PCTUSED 40 INITRANS 1 MAXTRANS 255 NOCOMPRESS LOGGING
  STORAGE(INITIAL 65536 NEXT 1048576 MINEXTENTS 1 MAXEXTENTS 2147483645
  PCTINCREASE 0 FREELISTS 1 FREELIST GROUPS 1 BUFFER_POOL DEFAULT FLASH_CACHE DEFAULT CELL_FLASH_CACHE DEFAULT)
  TABLESPACE "SYSTEM" ;
--------------------------------------------------------
--  DDL for Table ITEMS
--------------------------------------------------------

  CREATE TABLE "SYSTEM"."ITEMS" 
   (	"CODE" NUMBER(*,0), 
	"NAME" VARCHAR2(255 BYTE), 
	"COST" NUMBER(*,0) DEFAULT NULL, 
	"SPRICE" NUMBER(*,0) DEFAULT NULL, 
	"BARCODE" VARCHAR2(255 BYTE) DEFAULT NULL, 
	"REORDER_LEVEL" NUMBER(*,0) DEFAULT NULL, 
	"SUP_CODE" VARCHAR2(255 BYTE), 
	"SAS_NO" NUMBER(*,0), 
	"CAT_CODE" NUMBER
   ) PCTFREE 10 PCTUSED 40 INITRANS 1 MAXTRANS 255 NOCOMPRESS LOGGING
  STORAGE(INITIAL 65536 NEXT 1048576 MINEXTENTS 1 MAXEXTENTS 2147483645
  PCTINCREASE 0 FREELISTS 1 FREELIST GROUPS 1 BUFFER_POOL DEFAULT FLASH_CACHE DEFAULT CELL_FLASH_CACHE DEFAULT)
  TABLESPACE "SYSTEM" ;
--------------------------------------------------------
--  DDL for Table STOCK
--------------------------------------------------------

  CREATE TABLE "SYSTEM"."STOCK" 
   (	"TRANSNO" NUMBER, 
	"SAS_NO" NUMBER, 
	"ITEM_CODE" NUMBER, 
	"IN_QTY" NUMBER, 
	"OUT_QTY" NUMBER, 
	"TRANS_TYPE" VARCHAR2(50 BYTE), 
	"TRANS_DATE" DATE DEFAULT SYSDATE
   ) PCTFREE 10 PCTUSED 40 INITRANS 1 MAXTRANS 255 NOCOMPRESS LOGGING
  STORAGE(INITIAL 65536 NEXT 1048576 MINEXTENTS 1 MAXEXTENTS 2147483645
  PCTINCREASE 0 FREELISTS 1 FREELIST GROUPS 1 BUFFER_POOL DEFAULT FLASH_CACHE DEFAULT CELL_FLASH_CACHE DEFAULT)
  TABLESPACE "SYSTEM" ;
--------------------------------------------------------
--  DDL for Table CHEQUES
--------------------------------------------------------

  CREATE TABLE "SYSTEM"."CHEQUES" 
   (	"INVOICENO" NUMBER, 
	"SAS_NO" NUMBER, 
	"CHEQUENO" VARCHAR2(20 BYTE), 
	"BDATE" DATE, 
	"BANK" VARCHAR2(50 BYTE), 
	"BBRANCH" VARCHAR2(100 BYTE), 
	"ACCNO" VARCHAR2(20 BYTE), 
	"AMOUNT" NUMBER
   ) PCTFREE 10 PCTUSED 40 INITRANS 1 MAXTRANS 255 NOCOMPRESS LOGGING
  STORAGE(INITIAL 65536 NEXT 1048576 MINEXTENTS 1 MAXEXTENTS 2147483645
  PCTINCREASE 0 FREELISTS 1 FREELIST GROUPS 1 BUFFER_POOL DEFAULT FLASH_CACHE DEFAULT CELL_FLASH_CACHE DEFAULT)
  TABLESPACE "SYSTEM" ;
--------------------------------------------------------
--  DDL for Table CREDITCARD
--------------------------------------------------------

  CREATE TABLE "SYSTEM"."CREDITCARD" 
   (	"TRANSNO" NUMBER, 
	"SAS_NO" NUMBER, 
	"AMOUNT" NUMBER, 
	"CARDNO" VARCHAR2(50 BYTE), 
	"ACC_CODE" VARCHAR2(50 BYTE)
   ) PCTFREE 10 PCTUSED 40 INITRANS 1 MAXTRANS 255 NOCOMPRESS LOGGING
  STORAGE(INITIAL 65536 NEXT 1048576 MINEXTENTS 1 MAXEXTENTS 2147483645
  PCTINCREASE 0 FREELISTS 1 FREELIST GROUPS 1 BUFFER_POOL DEFAULT FLASH_CACHE DEFAULT CELL_FLASH_CACHE DEFAULT)
  TABLESPACE "SYSTEM" ;
--------------------------------------------------------
--  DDL for Table SALES_DETAILS
--------------------------------------------------------

  CREATE TABLE "SYSTEM"."SALES_DETAILS" 
   (	"SPRICE" NUMBER(*,0) DEFAULT NULL, 
	"PPRICE" NUMBER(*,0) DEFAULT NULL, 
	"QTY" NUMBER(*,0) DEFAULT NULL, 
	"TOTAL" NUMBER(*,0), 
	"DISCOUNT" NUMBER(*,0) DEFAULT NULL, 
	"NET_AMOUNT" NUMBER(*,0), 
	"SAS_NO" NUMBER(*,0), 
	"INVOICENO" NUMBER(*,0), 
	"ITEMCODE" NUMBER(*,0)
   ) PCTFREE 10 PCTUSED 40 INITRANS 1 MAXTRANS 255 NOCOMPRESS LOGGING
  STORAGE(INITIAL 65536 NEXT 1048576 MINEXTENTS 1 MAXEXTENTS 2147483645
  PCTINCREASE 0 FREELISTS 1 FREELIST GROUPS 1 BUFFER_POOL DEFAULT FLASH_CACHE DEFAULT CELL_FLASH_CACHE DEFAULT)
  TABLESPACE "SYSTEM" ;
--------------------------------------------------------
--  DDL for Table GRN
--------------------------------------------------------

  CREATE TABLE "SYSTEM"."GRN" 
   (	"GRNNO" NUMBER(*,0), 
	"SUP_CODE" VARCHAR2(255 BYTE), 
	"DDATE" DATE DEFAULT NULL, 
	"TOTAL_AMOUNT" NUMBER(*,0) DEFAULT NULL, 
	"DISCOUNT" NUMBER(*,0) DEFAULT NULL, 
	"NET_AMOUNT" NUMBER(*,0) DEFAULT NULL, 
	"SAS_NO" NUMBER(*,0)
   ) PCTFREE 10 PCTUSED 40 INITRANS 1 MAXTRANS 255 NOCOMPRESS LOGGING
  STORAGE(INITIAL 65536 NEXT 1048576 MINEXTENTS 1 MAXEXTENTS 2147483645
  PCTINCREASE 0 FREELISTS 1 FREELIST GROUPS 1 BUFFER_POOL DEFAULT FLASH_CACHE DEFAULT CELL_FLASH_CACHE DEFAULT)
  TABLESPACE "SYSTEM" ;
--------------------------------------------------------
--  DDL for Table SUPPLIER
--------------------------------------------------------

  CREATE TABLE "SYSTEM"."SUPPLIER" 
   (	"SUP_CODE" VARCHAR2(255 BYTE), 
	"SUP_NAME" VARCHAR2(255 BYTE), 
	"ADDRESS" VARCHAR2(255 BYTE) DEFAULT NULL, 
	"EMAIL" VARCHAR2(255 BYTE) DEFAULT NULL, 
	"CONTACT_NO" VARCHAR2(255 BYTE) DEFAULT NULL, 
	"SAS_NO" NUMBER(*,0)
   ) PCTFREE 10 PCTUSED 40 INITRANS 1 MAXTRANS 255 NOCOMPRESS LOGGING
  STORAGE(INITIAL 65536 NEXT 1048576 MINEXTENTS 1 MAXEXTENTS 2147483645
  PCTINCREASE 0 FREELISTS 1 FREELIST GROUPS 1 BUFFER_POOL DEFAULT FLASH_CACHE DEFAULT CELL_FLASH_CACHE DEFAULT)
  TABLESPACE "SYSTEM" ;
--------------------------------------------------------
--  DDL for Table SOFTWARE_MODULES
--------------------------------------------------------

  CREATE TABLE "SYSTEM"."SOFTWARE_MODULES" 
   (	"PK_ID" NUMBER, 
	"M_ID" NUMBER, 
	"MODULE_NAME" VARCHAR2(100 BYTE), 
	"URL" VARCHAR2(255 BYTE), 
	"ICON_CSS" VARCHAR2(255 BYTE), 
	"COLOR" VARCHAR2(20 BYTE)
   ) PCTFREE 10 PCTUSED 40 INITRANS 1 MAXTRANS 255 NOCOMPRESS LOGGING
  STORAGE(INITIAL 65536 NEXT 1048576 MINEXTENTS 1 MAXEXTENTS 2147483645
  PCTINCREASE 0 FREELISTS 1 FREELIST GROUPS 1 BUFFER_POOL DEFAULT FLASH_CACHE DEFAULT CELL_FLASH_CACHE DEFAULT)
  TABLESPACE "SYSTEM" ;
--------------------------------------------------------
--  DDL for Table SOFTWARE_PACKAGES
--------------------------------------------------------

  CREATE TABLE "SYSTEM"."SOFTWARE_PACKAGES" 
   (	"PK_ID" NUMBER, 
	"PK_NAME" VARCHAR2(100 BYTE), 
	"PATH" VARCHAR2(255 BYTE), 
	"CSSICON" VARCHAR2(255 BYTE), 
	"COLOR" VARCHAR2(255 BYTE)
   ) PCTFREE 10 PCTUSED 40 INITRANS 1 MAXTRANS 255 NOCOMPRESS LOGGING
  STORAGE(INITIAL 65536 NEXT 1048576 MINEXTENTS 1 MAXEXTENTS 2147483645
  PCTINCREASE 0 FREELISTS 1 FREELIST GROUPS 1 BUFFER_POOL DEFAULT FLASH_CACHE DEFAULT CELL_FLASH_CACHE DEFAULT)
  TABLESPACE "SYSTEM" ;
--------------------------------------------------------
--  DDL for Table USER_PERMISSION
--------------------------------------------------------

  CREATE TABLE "SYSTEM"."USER_PERMISSION" 
   (	"PK_ID" NUMBER, 
	"MD_ID" NUMBER, 
	"USER_GROUP_ID" NUMBER, 
	"PERMISION_TYPE" NUMBER
   ) PCTFREE 10 PCTUSED 40 INITRANS 1 MAXTRANS 255 NOCOMPRESS LOGGING
  STORAGE(INITIAL 65536 NEXT 1048576 MINEXTENTS 1 MAXEXTENTS 2147483645
  PCTINCREASE 0 FREELISTS 1 FREELIST GROUPS 1 BUFFER_POOL DEFAULT FLASH_CACHE DEFAULT CELL_FLASH_CACHE DEFAULT)
  TABLESPACE "SYSTEM" ;
--------------------------------------------------------
--  DDL for Table EMPLOYEE_ADVANCEPAYMENT
--------------------------------------------------------

  CREATE TABLE "SYSTEM"."EMPLOYEE_ADVANCEPAYMENT" 
   (	"EMPLOYEE_ID" NUMBER, 
	"QUANTITY" NUMBER, 
	"DESCRIPTION" VARCHAR2(20 BYTE), 
	"GET_DATE" DATE, 
	"PAYMENT_CODE" NUMBER(10,0)
   ) PCTFREE 10 PCTUSED 40 INITRANS 1 MAXTRANS 255 NOCOMPRESS LOGGING
  STORAGE(INITIAL 65536 NEXT 1048576 MINEXTENTS 1 MAXEXTENTS 2147483645
  PCTINCREASE 0 FREELISTS 1 FREELIST GROUPS 1 BUFFER_POOL DEFAULT FLASH_CACHE DEFAULT CELL_FLASH_CACHE DEFAULT)
  TABLESPACE "SYSTEM" ;
--------------------------------------------------------
--  DDL for Table EMPLOYEE_LOAN
--------------------------------------------------------

  CREATE TABLE "SYSTEM"."EMPLOYEE_LOAN" 
   (	"LOAN_ID" NUMBER(10,0), 
	"EMPLOYEE_ID" NUMBER(22,0), 
	"LOAN_TYPE" VARCHAR2(50 BYTE), 
	"DURATION" NUMBER(22,0), 
	"START_DATE" DATE, 
	"END_DATE" DATE, 
	"MONTHLY" NUMBER(22,0), 
	"AMMOUNT" NUMBER(22,0)
   ) PCTFREE 10 PCTUSED 40 INITRANS 1 MAXTRANS 255 NOCOMPRESS LOGGING
  STORAGE(INITIAL 65536 NEXT 1048576 MINEXTENTS 1 MAXEXTENTS 2147483645
  PCTINCREASE 0 FREELISTS 1 FREELIST GROUPS 1 BUFFER_POOL DEFAULT FLASH_CACHE DEFAULT CELL_FLASH_CACHE DEFAULT)
  TABLESPACE "SYSTEM" ;
--------------------------------------------------------
--  DDL for Table SETTING
--------------------------------------------------------

  CREATE TABLE "SYSTEM"."SETTING" 
   (	"ETF" VARCHAR2(20 BYTE), 
	"EPF" VARCHAR2(20 BYTE), 
	"NO" NUMBER, 
	"ALLOWNCE" NUMBER
   ) PCTFREE 10 PCTUSED 40 INITRANS 1 MAXTRANS 255 NOCOMPRESS LOGGING
  STORAGE(INITIAL 65536 NEXT 1048576 MINEXTENTS 1 MAXEXTENTS 2147483645
  PCTINCREASE 0 FREELISTS 1 FREELIST GROUPS 1 BUFFER_POOL DEFAULT FLASH_CACHE DEFAULT CELL_FLASH_CACHE DEFAULT)
  TABLESPACE "SYSTEM" ;
--------------------------------------------------------
--  DDL for Table SQLPLUS_PRODUCT_PROFILE
--------------------------------------------------------

  CREATE TABLE "SYSTEM"."SQLPLUS_PRODUCT_PROFILE" 
   (	"PRODUCT" VARCHAR2(30 BYTE), 
	"USERID" VARCHAR2(30 BYTE), 
	"ATTRIBUTE" VARCHAR2(240 BYTE), 
	"SCOPE" VARCHAR2(240 BYTE), 
	"NUMERIC_VALUE" NUMBER(15,2), 
	"CHAR_VALUE" VARCHAR2(240 BYTE), 
	"DATE_VALUE" DATE, 
	"LONG_VALUE" LONG
   ) PCTFREE 10 PCTUSED 40 INITRANS 1 MAXTRANS 255 NOCOMPRESS LOGGING
  STORAGE(INITIAL 65536 NEXT 1048576 MINEXTENTS 1 MAXEXTENTS 2147483645
  PCTINCREASE 0 FREELISTS 1 FREELIST GROUPS 1 BUFFER_POOL DEFAULT FLASH_CACHE DEFAULT CELL_FLASH_CACHE DEFAULT)
  TABLESPACE "SYSTEM" ;
--------------------------------------------------------
--  DDL for Table SALES_TYPES
--------------------------------------------------------

  CREATE TABLE "SYSTEM"."SALES_TYPES" 
   (	"CODE" NUMBER(*,0), 
	"DESCRIPTION" VARCHAR2(255 BYTE)
   ) PCTFREE 10 PCTUSED 40 INITRANS 1 MAXTRANS 255 NOCOMPRESS LOGGING
  STORAGE(INITIAL 65536 NEXT 1048576 MINEXTENTS 1 MAXEXTENTS 2147483645
  PCTINCREASE 0 FREELISTS 1 FREELIST GROUPS 1 BUFFER_POOL DEFAULT FLASH_CACHE DEFAULT CELL_FLASH_CACHE DEFAULT)
  TABLESPACE "SYSTEM" ;
--------------------------------------------------------
--  DDL for View ERP_INCOME_STATEMENT
--------------------------------------------------------

  CREATE OR REPLACE FORCE VIEW "SYSTEM"."ERP_INCOME_STATEMENT" ("DESCRIPTION", "CREDIT", "DEBIT", "LEDG_DATE", "ACCOUNT_TYPE", "SAS_NO") AS 
  SELECT ERP_ACCOUNT_TYPE.DESCRIPTION,
       SUM(ERP_LEDGER.CREDIT) AS credit,
       SUM(ERP_LEDGER.DEBIT) AS debit,
       ERP_LEDGER.LEDG_DATE,
       ERP_ACCOUNT_TYPE.ACCOUNT_TYPE,
       ERP_LEDGER.SAS_NO
  FROM ERP_LEDGER
    INNER JOIN ERP_ACCOUNT_TYPE
      ON ERP_LEDGER.ACCOUNT_TYPE = ERP_ACCOUNT_TYPE.ID

  GROUP BY ERP_ACCOUNT_TYPE.DESCRIPTION,
           ERP_LEDGER.LEDG_DATE,
           ERP_ACCOUNT_TYPE.ACCOUNT_TYPE,
            ERP_LEDGER.SAS_NO
  ORDER BY ERP_ACCOUNT_TYPE.ACCOUNT_TYPE;
--------------------------------------------------------
--  DDL for View ERP_PREVIOUS_MONTH_BALANCE
--------------------------------------------------------

  CREATE OR REPLACE FORCE VIEW "SYSTEM"."ERP_PREVIOUS_MONTH_BALANCE" ("FINAL", "SAS_NO") AS 
  SELECT SUM(DEBIT)-SUM(CREDIT) AS FINAL,SAS_NO FROM ERP_LEDGER WHERE LEDG_DATE between trunc(trunc(sysdate,'MM')-1,'MM') and trunc(sysdate,'MM')-1  AND ASSET IS NULL
  GROUP BY SAS_NO;
--------------------------------------------------------
--  DDL for View CREDIT_SALES_SUMMARY_VIEW
--------------------------------------------------------

  CREATE OR REPLACE FORCE VIEW "SYSTEM"."CREDIT_SALES_SUMMARY_VIEW" ("CUS_CODE", "CREDIT", "NET_AMOUNT", "CASH", "CHEQUES", "CREDITCARD", "INVOICE_NO", "DESCRIPTION", "ADDRESS", "TELNO", "WEB", "FAX", "DDATE", "CUS_NAME", "SAS_NO") AS 
  SELECT
SYSTEM.SALES_SUM.CUS_CODE,
SYSTEM.SALES_SUM.CREDIT,
SYSTEM.SALES_SUM.NET_AMOUNT,
SYSTEM.SALES_SUM.CASH,
SYSTEM.SALES_SUM.CHEQUES,
SYSTEM.SALES_SUM.CREDITCARD,
SYSTEM.SALES_SUM.INVOICE_NO,
SYSTEM.SAS.DESCRIPTION,
SYSTEM.SAS.ADDRESS,
SYSTEM.SAS.TELNO,
SYSTEM.SAS.WEB,
SYSTEM.SAS.FAX,
SYSTEM.SALES_SUM.DDATE,
SYSTEM.CUSTOMER.CUS_NAME,
SYSTEM.SAS.SAS_NO
FROM
SYSTEM.SALES_SUM
INNER JOIN SYSTEM.SAS ON SYSTEM.SAS.SAS_NO = SYSTEM.SALES_SUM.SAS_NO
INNER JOIN SYSTEM.CUSTOMER ON SYSTEM.CUSTOMER.SAS_NO = SYSTEM.SAS.SAS_NO AND SYSTEM.CUSTOMER.CUS_CODE = SYSTEM.SALES_SUM.CUS_CODE
WHERE
SYSTEM.SALES_SUM.CREDIT > 0;
--------------------------------------------------------
--  DDL for View ERP_CASHBOOK
--------------------------------------------------------

  CREATE OR REPLACE FORCE VIEW "SYSTEM"."ERP_CASHBOOK" ("ID", "ACCOUNT_TYPE", "CREDIT", "DEBIT", "LEDG_DATE", "SAS_NO", "DESCRIPTION", "EATIEX", "ASSET", "BRANCH") AS 
  select el.ID,el.ACCOUNT_TYPE,el.CREDIT,el.DEBIT,el.LEDG_DATE,el.SAS_NO,eat.DESCRIPTION ,eat.ACCOUNT_TYPE AS eatiex,el.ASSET,s.
  DESCRIPTION AS BRANCH from SAS s, ERP_LEDGER el , ERP_ACCOUNT_TYPE eat 
WHERE (el.LEDG_DATE > TRUNC(SYSDATE,'MM'))  AND el.ACCOUNT_TYPE=eat.ID AND s.SAS_NO=el.SAS_NO;
--------------------------------------------------------
--  DDL for View LOAN_VIEW
--------------------------------------------------------

  CREATE OR REPLACE FORCE VIEW "SYSTEM"."LOAN_VIEW" ("AMMOUNT", "EMPLOYEE_ID", "LOAN_ID", "BALANCE", "EMPLOYEE_NAME") AS 
  SELECT
SYSTEM.LOAN_BALANCE.AMMOUNT,
SYSTEM.LOAN_BALANCE.EMPLOYEE_ID,
SYSTEM.LOAN_BALANCE.LOAN_ID,
SYSTEM.LOAN_BALANCE.BALANCE,
SYSTEM.PERSONAL_DETAILS.EMPLOYEE_NAME
FROM
SYSTEM.LOAN_BALANCE
INNER JOIN SYSTEM.PERSONAL_DETAILS ON SYSTEM.LOAN_BALANCE.EMPLOYEE_ID = SYSTEM.PERSONAL_DETAILS.EMPLOYEE_ID;
--------------------------------------------------------
--  DDL for View LOAN_BALANCE_VIEW
--------------------------------------------------------

  CREATE OR REPLACE FORCE VIEW "SYSTEM"."LOAN_BALANCE_VIEW" ("LOANBALANCE", "EMPLOYEE_ID") AS 
  SELECT
SUM(SYSTEM.LOAN_BALANCE.BALANCE) as LOANBALANCE,
SYSTEM.LOAN_BALANCE.EMPLOYEE_ID
FROM
SYSTEM.LOAN_BALANCE

GROUP BY 
SYSTEM.LOAN_BALANCE.EMPLOYEE_ID;
--------------------------------------------------------
--  DDL for View ERP_PAY_RECIV
--------------------------------------------------------

  CREATE OR REPLACE FORCE VIEW "SYSTEM"."ERP_PAY_RECIV" ("SUMPAYRECIEV", "STATE", "SAS_NO") AS 
  SELECT SUM(ERP_ACCOUNT_PAY_RECEIVE.AMOUNT) AS SUMPAYRECIEV,
       ERP_ACCOUNT_PAY_RECEIVE.STATE,
       ERP_ACCOUNT_PAY_RECEIVE.SAS_NO
  FROM ERP_ACCOUNT_PAY_RECEIVE
  WHERE ERP_ACCOUNT_PAY_RECEIVE.INV_DATE >= TRUNC(SYSDATE,'mm')
    
  GROUP BY ERP_ACCOUNT_PAY_RECEIVE.STATE,
           ERP_ACCOUNT_PAY_RECEIVE.SAS_NO
  ORDER BY ERP_ACCOUNT_PAY_RECEIVE.SAS_NO;
--------------------------------------------------------
--  DDL for View BINCARD_VIEW
--------------------------------------------------------

  CREATE OR REPLACE FORCE VIEW "SYSTEM"."BINCARD_VIEW" ("ITEM_CODE", "NAME", "IN_QTY", "OUT_QTY", "TRANS_TYPE", "SAS_NO", "TRANSNO", "TRANS_DATE", "Q", "DESCRIPTION", "ADDRESS", "TELNO", "WEB", "FAX") AS 
  SELECT
SYSTEM.STOCK.ITEM_CODE,
SYSTEM.ITEMS.NAME,
SYSTEM.STOCK.IN_QTY,
SYSTEM.STOCK.OUT_QTY,
SYSTEM.STOCK.TRANS_TYPE,
SYSTEM.STOCK.SAS_NO,
SYSTEM.STOCK.TRANSNO,
SYSTEM.STOCK.TRANS_DATE,
sum(IN_QTY)-OUT_QTY AS Q,
SYSTEM.SAS.DESCRIPTION,
SYSTEM.SAS.ADDRESS,
SYSTEM.SAS.TELNO,
SYSTEM.SAS.WEB,
SYSTEM.SAS.FAX
FROM
SYSTEM.STOCK
INNER JOIN SYSTEM.ITEMS ON SYSTEM.ITEMS.CODE = SYSTEM.STOCK.ITEM_CODE AND SYSTEM.ITEMS.SAS_NO = SYSTEM.STOCK.SAS_NO
INNER JOIN SYSTEM.SAS ON SYSTEM.ITEMS.SAS_NO = SYSTEM.SAS.SAS_NO
GROUP BY
SYSTEM.STOCK.ITEM_CODE,
SYSTEM.ITEMS.NAME,
SYSTEM.STOCK.IN_QTY,
SYSTEM.STOCK.OUT_QTY,
SYSTEM.STOCK.TRANS_TYPE,
SYSTEM.STOCK.SAS_NO,
SYSTEM.STOCK.TRANSNO,
SYSTEM.STOCK.TRANS_DATE,
SYSTEM.SAS.DESCRIPTION,
SYSTEM.SAS.ADDRESS,
SYSTEM.SAS.TELNO,
SYSTEM.SAS.WEB,
SYSTEM.SAS.FAX
ORDER BY
SYSTEM.STOCK.TRANS_DATE ASC;
--------------------------------------------------------
--  DDL for View INVOICE_VIEW
--------------------------------------------------------

  CREATE OR REPLACE FORCE VIEW "SYSTEM"."INVOICE_VIEW" ("SALES_SUM_INVOICE_NO", "SALES_SUM_CUS_CODE", "SALES_SUM_DDATE", "SALES_SUM_SALES_TYPE", "SALES_SUM_TOTAL_AMOUNT", "SALES_SUM_DISCOUNT", "SALES_SUM_NET_AMOUNT", "SALES_SUM_CASH", "SALES_SUM_CHEQUES", "SALES_SUM_CREDITCARD", "SALES_SUM_CREDIT", "SALES_DETAILS_SPRICE", "SALES_DETAILS_QTY", "SALES_DETAILS_TOTAL", "SALES_DETAILS_DISCOUNT", "SALES_DETAILS_NET_AMOUNT", "SALES_DETAILS_ITEMCODE", "CUSTOMER_CUS_NAME", "CHEQUES_CHEQUENO", "CHEQUES_BDATE", "CHEQUES_BANK", "CHEQUES_BBRANCH", "CHEQUES_AMOUNT", "CREDITCARD_AMOUNT", "CREDITCARD_CARDNO", "ITEMS_NAME", "ITEMS_CAT_CODE", "SALES_SUM_SAS_NO", "SAS_SAS_NO", "SAS_DESCRIPTION", "SAS_ADDRESS", "SAS_TELNO", "SAS_WEB", "SAS_FAX", "CUSTOMER_ADDRESS", "CUSTOMER_CONTACT_NO", "INVOICENO") AS 
  SELECT
SYSTEM.SALES_SUM.INVOICE_NO AS SALES_SUM_INVOICE_NO,
SYSTEM.SALES_SUM.CUS_CODE AS SALES_SUM_CUS_CODE,
SYSTEM.SALES_SUM.DDATE AS SALES_SUM_DDATE,
SYSTEM.SALES_SUM.SALES_TYPE AS SALES_SUM_SALES_TYPE,
SYSTEM.SALES_SUM.TOTAL_AMOUNT AS SALES_SUM_TOTAL_AMOUNT,
SYSTEM.SALES_SUM.DISCOUNT AS SALES_SUM_DISCOUNT,
SYSTEM.SALES_SUM.NET_AMOUNT AS SALES_SUM_NET_AMOUNT,
SYSTEM.SALES_SUM.CASH AS SALES_SUM_CASH,
SYSTEM.SALES_SUM.CHEQUES AS SALES_SUM_CHEQUES,
SYSTEM.SALES_SUM.CREDITCARD AS SALES_SUM_CREDITCARD,
SYSTEM.SALES_SUM.CREDIT AS SALES_SUM_CREDIT,
SYSTEM.SALES_DETAILS.SPRICE AS SALES_DETAILS_SPRICE,
SYSTEM.SALES_DETAILS.QTY AS SALES_DETAILS_QTY,
SYSTEM.SALES_DETAILS.TOTAL AS SALES_DETAILS_TOTAL,
SYSTEM.SALES_DETAILS.DISCOUNT AS SALES_DETAILS_DISCOUNT,
SYSTEM.SALES_DETAILS.NET_AMOUNT AS SALES_DETAILS_NET_AMOUNT,
SYSTEM.SALES_DETAILS.ITEMCODE AS SALES_DETAILS_ITEMCODE,
SYSTEM.CUSTOMER.CUS_NAME AS CUSTOMER_CUS_NAME,
SYSTEM.CHEQUES.CHEQUENO AS CHEQUES_CHEQUENO,
SYSTEM.CHEQUES.BDATE AS CHEQUES_BDATE,
SYSTEM.CHEQUES.BANK AS CHEQUES_BANK,
SYSTEM.CHEQUES.BBRANCH AS CHEQUES_BBRANCH,
SYSTEM.CHEQUES.AMOUNT AS CHEQUES_AMOUNT,
SYSTEM.CREDITCARD.AMOUNT AS CREDITCARD_AMOUNT,
SYSTEM.CREDITCARD.CARDNO AS CREDITCARD_CARDNO,
SYSTEM.ITEMS.NAME AS ITEMS_NAME,
SYSTEM.ITEMS.CAT_CODE AS ITEMS_CAT_CODE,
SYSTEM.SALES_SUM.SAS_NO AS SALES_SUM_SAS_NO,
SYSTEM.SAS.SAS_NO AS SAS_SAS_NO,
SYSTEM.SAS.DESCRIPTION AS SAS_DESCRIPTION,
SYSTEM.SAS.ADDRESS AS SAS_ADDRESS,
SYSTEM.SAS.TELNO AS SAS_TELNO,
SYSTEM.SAS.WEB AS SAS_WEB,
SYSTEM.SAS.FAX AS SAS_FAX,
SYSTEM.CUSTOMER.ADDRESS AS CUSTOMER_ADDRESS,
SYSTEM.CUSTOMER.CONTACT_NO AS CUSTOMER_CONTACT_NO,
SYSTEM.SALES_DETAILS.INVOICENO
FROM  
"SYSTEM"."SALES_SUM" SALES_SUM INNER JOIN "SYSTEM"."SALES_DETAILS" SALES_DETAILS ON SALES_SUM."INVOICE_NO" = SALES_DETAILS."INVOICENO"  
AND SALES_DETAILS."SAS_NO" = SALES_SUM."SAS_NO"   
INNER JOIN "SYSTEM"."CUSTOMER" CUSTOMER ON SALES_SUM."CUS_CODE" = CUSTOMER."CUS_CODE"   
AND CUSTOMER."SAS_NO" = SALES_SUM."SAS_NO"    
LEFT OUTER JOIN "SYSTEM"."CHEQUES" CHEQUES ON SALES_SUM."INVOICE_NO" = CHEQUES."INVOICENO"    
AND SALES_SUM."SAS_NO" = CHEQUES."SAS_NO"    
LEFT OUTER JOIN "SYSTEM"."CREDITCARD" CREDITCARD ON SALES_SUM."INVOICE_NO" = CREDITCARD."TRANSNO"  
AND SALES_SUM."SAS_NO" = CREDITCARD."SAS_NO"   
INNER JOIN "SYSTEM"."SAS" SAS ON SALES_SUM."SAS_NO" = SAS."SAS_NO"  
AND SAS."SAS_NO" = CUSTOMER."SAS_NO"  
AND SAS."SAS_NO" = SALES_DETAILS."SAS_NO"   
INNER JOIN "SYSTEM"."ITEMS" ITEMS ON SAS."SAS_NO" = ITEMS."SAS_NO"  
AND SALES_DETAILS."SAS_NO" = ITEMS."SAS_NO" 
AND ITEMS."CODE" = SALES_DETAILS."ITEMCODE";
--------------------------------------------------------
--  DDL for View GRN_SUMMARY_VIEW
--------------------------------------------------------

  CREATE OR REPLACE FORCE VIEW "SYSTEM"."GRN_SUMMARY_VIEW" ("GRNNO", "SUP_CODE", "DDATE", "TOTAL_AMOUNT", "DISCOUNT", "NET_AMOUNT", "SUP_NAME", "DESCRIPTION", "ADDRESS", "TELNO", "WEB", "FAX", "SAS_NO") AS 
  SELECT
SYSTEM.GRN.GRNNO,
SYSTEM.GRN.SUP_CODE,
SYSTEM.GRN.DDATE,
SYSTEM.GRN.TOTAL_AMOUNT,
SYSTEM.GRN.DISCOUNT,
SYSTEM.GRN.NET_AMOUNT,
SYSTEM.SUPPLIER.SUP_NAME,
SYSTEM.SAS.DESCRIPTION,
SYSTEM.SAS.ADDRESS,
SYSTEM.SAS.TELNO,
SYSTEM.SAS.WEB,
SYSTEM.SAS.FAX,
SYSTEM.SAS.SAS_NO
FROM
SYSTEM.GRN
INNER JOIN SYSTEM.SUPPLIER ON SYSTEM.GRN.SUP_CODE = SYSTEM.SUPPLIER.SUP_CODE AND SYSTEM.GRN.SAS_NO = SYSTEM.SUPPLIER.SAS_NO
INNER JOIN SYSTEM.SAS ON SYSTEM.SUPPLIER.SAS_NO = SYSTEM.SAS.SAS_NO;
--------------------------------------------------------
--  DDL for View MAINPANNEL_LOAD_VIEW
--------------------------------------------------------

  CREATE OR REPLACE FORCE VIEW "SYSTEM"."MAINPANNEL_LOAD_VIEW" ("PK_NAME", "PATH", "CSSICON", "PK_ID", "USER_GROUP_ID", "COLOR") AS 
  SELECT
SYSTEM.SOFTWARE_PACKAGES.PK_NAME,
SYSTEM.SOFTWARE_PACKAGES.PATH,
SYSTEM.SOFTWARE_PACKAGES.CSSICON,
SYSTEM.SOFTWARE_PACKAGES.PK_ID,
SYSTEM.USER_PERMISSION.USER_GROUP_ID,
SYSTEM.SOFTWARE_PACKAGES.COLOR
FROM
SYSTEM.SOFTWARE_PACKAGES
INNER JOIN SYSTEM.SOFTWARE_MODULES ON SYSTEM.SOFTWARE_MODULES.PK_ID = SYSTEM.SOFTWARE_PACKAGES.PK_ID
INNER JOIN SYSTEM.USER_PERMISSION ON SYSTEM.USER_PERMISSION.PK_ID = SYSTEM.SOFTWARE_MODULES.PK_ID AND SYSTEM.USER_PERMISSION.MD_ID = SYSTEM.SOFTWARE_MODULES.M_ID
GROUP BY
SYSTEM.SOFTWARE_PACKAGES.PK_NAME,
SYSTEM.SOFTWARE_PACKAGES.PATH,
SYSTEM.SOFTWARE_PACKAGES.CSSICON,
SYSTEM.SOFTWARE_PACKAGES.PK_ID,
SYSTEM.USER_PERMISSION.USER_GROUP_ID,
SYSTEM.SOFTWARE_PACKAGES.COLOR;
--------------------------------------------------------
--  DDL for View PAYSHEET_SUPPORTVIEW
--------------------------------------------------------

  CREATE OR REPLACE FORCE VIEW "SYSTEM"."PAYSHEET_SUPPORTVIEW" ("QUANTITY", "FIRST_NAME", "MIDDLE_NAME", "LAST_NAME", "EMPLOYEE_ID", "AMMOUNT", "MONTHLY", "EPF", "ETF") AS 
  SELECT
SYSTEM.EMPLOYEE_ADVANCEPAYMENT.QUANTITY,
SYSTEM.PERSONAL_DETAILS.FIRST_NAME,
SYSTEM.PERSONAL_DETAILS.MIDDLE_NAME,
SYSTEM.PERSONAL_DETAILS.LAST_NAME,
SYSTEM.PERSONAL_DETAILS.EMPLOYEE_ID,
SYSTEM.EMPLOYEE_LOAN.AMMOUNT,
SYSTEM.EMPLOYEE_LOAN.MONTHLY,
SYSTEM.SETTING.EPF,
SYSTEM.SETTING.ETF
FROM
SYSTEM.EMPLOYEE_ADVANCEPAYMENT
FULL OUTER JOIN SYSTEM.PERSONAL_DETAILS ON SYSTEM.EMPLOYEE_ADVANCEPAYMENT.EMPLOYEE_ID = SYSTEM.PERSONAL_DETAILS.EMPLOYEE_ID
LEFT JOIN SYSTEM.EMPLOYEE_LOAN ON SYSTEM.EMPLOYEE_LOAN.EMPLOYEE_ID = SYSTEM.PERSONAL_DETAILS.EMPLOYEE_ID ,
SYSTEM.SETTING;
--------------------------------------------------------
--  DDL for View PRODUCT_PRIVS
--------------------------------------------------------

  CREATE OR REPLACE FORCE VIEW "SYSTEM"."PRODUCT_PRIVS" ("PRODUCT", "USERID", "ATTRIBUTE", "SCOPE", "NUMERIC_VALUE", "CHAR_VALUE", "DATE_VALUE", "LONG_VALUE") AS 
  SELECT PRODUCT, USERID, ATTRIBUTE, SCOPE,
         NUMERIC_VALUE, CHAR_VALUE, DATE_VALUE, LONG_VALUE
  FROM SQLPLUS_PRODUCT_PROFILE
  WHERE USERID = 'PUBLIC' OR USER LIKE USERID;
--------------------------------------------------------
--  DDL for View SALES_DETAILS_VIEW
--------------------------------------------------------

  CREATE OR REPLACE FORCE VIEW "SYSTEM"."SALES_DETAILS_VIEW" ("CUS_CODE", "DDATE", "SALES_TYPE", "BILL_TOTAL_AMOUNT", "BILL_DISCOUNT", "BILL_NET_AMOUNT", "CASH", "CHEQUES", "CREDITCARD", "CREDIT", "SPRICE", "PPRICE", "QTY", "ITEMS_TOTAL", "ITEM_DISCOUNT", "ITEM_NET_AMOUNT", "ITEMCODE", "INVOICE_NO", "ITEM_NAME", "SALES_TYPE_DESCRIPTION", "SAS_NO", "DESCRIPTION", "ADDRESS", "TELNO", "WEB", "FAX") AS 
  SELECT
SYSTEM.SALES_SUM.CUS_CODE,
SYSTEM.SALES_SUM.DDATE,
SYSTEM.SALES_SUM.SALES_TYPE,
SYSTEM.SALES_SUM.TOTAL_AMOUNT AS BILL_TOTAL_AMOUNT,
SYSTEM.SALES_SUM.DISCOUNT AS BILL_DISCOUNT,
SYSTEM.SALES_SUM.NET_AMOUNT AS BILL_NET_AMOUNT,
SYSTEM.SALES_SUM.CASH,
SYSTEM.SALES_SUM.CHEQUES,
SYSTEM.SALES_SUM.CREDITCARD,
SYSTEM.SALES_SUM.CREDIT,
SYSTEM.SALES_DETAILS.SPRICE,
SYSTEM.SALES_DETAILS.PPRICE,
SYSTEM.SALES_DETAILS.QTY,
SYSTEM.SALES_DETAILS.TOTAL AS ITEMS_TOTAL,
SYSTEM.SALES_DETAILS.DISCOUNT AS ITEM_DISCOUNT,
SYSTEM.SALES_DETAILS.NET_AMOUNT AS ITEM_NET_AMOUNT,
SYSTEM.SALES_DETAILS.ITEMCODE,
SYSTEM.SALES_SUM.INVOICE_NO,
SYSTEM.ITEMS.NAME AS ITEM_NAME,
SYSTEM.SALES_TYPES.DESCRIPTION AS SALES_TYPE_DESCRIPTION,
SYSTEM.SALES_SUM.SAS_NO,
SYSTEM.SAS.DESCRIPTION,
SYSTEM.SAS.ADDRESS,
SYSTEM.SAS.TELNO,
SYSTEM.SAS.WEB,
SYSTEM.SAS.FAX
FROM
SYSTEM.SALES_SUM
INNER JOIN SYSTEM.SALES_DETAILS ON SYSTEM.SALES_DETAILS.INVOICENO = SYSTEM.SALES_SUM.INVOICE_NO
INNER JOIN SYSTEM.ITEMS ON SYSTEM.SALES_DETAILS.SAS_NO = SYSTEM.ITEMS.SAS_NO AND SYSTEM.SALES_DETAILS.ITEMCODE = SYSTEM.ITEMS.CODE
INNER JOIN SYSTEM.SALES_TYPES ON SYSTEM.SALES_SUM.SALES_TYPE = SYSTEM.SALES_TYPES.CODE
INNER JOIN SYSTEM.SAS ON SYSTEM.SAS.SAS_NO = SYSTEM.SALES_SUM.SAS_NO;
--------------------------------------------------------
--  DDL for View SALES_SUMMURY_MONTH_WISE
--------------------------------------------------------

  CREATE OR REPLACE FORCE VIEW "SYSTEM"."SALES_SUMMURY_MONTH_WISE" ("MONTH", "NETAMOUNT", "CREDIT", "CHEQUES", "CASH", "CREDITCARD", "DISCOUNT", "YEAR", "M") AS 
  SELECT
CONCAT(CONCAT(to_char( DDATE, 'yyyy'),'-'),to_char( DDATE, 'MM')) AS MONTH,
sum(NET_AMOUNT) as NETAMOUNT,
sum(CREDIT) as CREDIT,
sum(CHEQUES) as CHEQUES,
sum(CASH) as CASH,
sum(CREDITCARD) as CREDITCARD,
sum(DISCOUNT) as DISCOUNT,
to_char( DDATE, 'yyyy') AS YEAR , 
to_char( DDATE, 'MM') AS M
FROM
SYSTEM.SALES_SUM

GROUP BY CONCAT(CONCAT(to_char( DDATE, 'yyyy'),'-'),to_char( DDATE, 'MM')) , to_char( DDATE, 'yyyy'),to_char( DDATE, 'MM')
ORDER BY YEAR,M;
--------------------------------------------------------
--  DDL for View SALES_SUMMURY_VIEW
--------------------------------------------------------

  CREATE OR REPLACE FORCE VIEW "SYSTEM"."SALES_SUMMURY_VIEW" ("INVOICE_NO", "CUS_CODE", "DDATE", "SALES_TYPE", "TOTAL_AMOUNT", "DISCOUNT", "NET_AMOUNT", "CASH", "SAS_NO", "CHEQUES", "CREDITCARD", "CREDIT", "DESCRIPTION", "COMPANY_NAME", "ADDRESS", "TELNO", "WEB", "FAX") AS 
  SELECT
SYSTEM.SALES_SUM.INVOICE_NO,
SYSTEM.SALES_SUM.CUS_CODE,
SYSTEM.SALES_SUM.DDATE,
SYSTEM.SALES_SUM.SALES_TYPE,
SYSTEM.SALES_SUM.TOTAL_AMOUNT,
SYSTEM.SALES_SUM.DISCOUNT,
SYSTEM.SALES_SUM.NET_AMOUNT,
SYSTEM.SALES_SUM.CASH,
SYSTEM.SALES_SUM.SAS_NO,
SYSTEM.SALES_SUM.CHEQUES,
SYSTEM.SALES_SUM.CREDITCARD,
SYSTEM.SALES_SUM.CREDIT,
SYSTEM.SALES_TYPES.DESCRIPTION,
SYSTEM.SAS.DESCRIPTION AS COMPANY_NAME,
SYSTEM.SAS.ADDRESS,
SYSTEM.SAS.TELNO,
SYSTEM.SAS.WEB,
SYSTEM.SAS.FAX
FROM
SYSTEM.SALES_SUM
INNER JOIN SYSTEM.SALES_TYPES ON SYSTEM.SALES_SUM.SALES_TYPE = SYSTEM.SALES_TYPES.CODE
INNER JOIN SYSTEM.SAS ON SYSTEM.SAS.SAS_NO = SYSTEM.SALES_SUM.SAS_NO;
--------------------------------------------------------
--  DDL for View STOCK_VIEW
--------------------------------------------------------

  CREATE OR REPLACE FORCE VIEW "SYSTEM"."STOCK_VIEW" ("SAS_NO", "ITEM_CODE", "QTY") AS 
  SELECT STOCK.SAS_NO,STOCK.ITEM_CODE ,NANVL(SUM(STOCK.IN_QTY - STOCK.OUT_QTY ),0) AS Qty
FROM
SYSTEM.STOCK
GROUP BY STOCK.SAS_NO,STOCK.ITEM_CODE;
REM INSERTING into SYSTEM.ERP_INCOME_STATEMENT
SET DEFINE OFF;
Insert into SYSTEM.ERP_INCOME_STATEMENT (DESCRIPTION,CREDIT,DEBIT,LEDG_DATE,ACCOUNT_TYPE,SAS_NO) values ('Other',0,1000,to_date('13-MAY-15','DD-MON-RR'),0,1);
Insert into SYSTEM.ERP_INCOME_STATEMENT (DESCRIPTION,CREDIT,DEBIT,LEDG_DATE,ACCOUNT_TYPE,SAS_NO) values ('Sold goods',0,71000,to_date('15-JUN-15','DD-MON-RR'),0,1);
Insert into SYSTEM.ERP_INCOME_STATEMENT (DESCRIPTION,CREDIT,DEBIT,LEDG_DATE,ACCOUNT_TYPE,SAS_NO) values ('Sold goods',0,450000,to_date('16-JUN-15','DD-MON-RR'),0,1);
Insert into SYSTEM.ERP_INCOME_STATEMENT (DESCRIPTION,CREDIT,DEBIT,LEDG_DATE,ACCOUNT_TYPE,SAS_NO) values ('Building Rent',45000,0,to_date('27-MAY-15','DD-MON-RR'),1,1);
Insert into SYSTEM.ERP_INCOME_STATEMENT (DESCRIPTION,CREDIT,DEBIT,LEDG_DATE,ACCOUNT_TYPE,SAS_NO) values ('Vehicle rent',3500,0,to_date('27-MAY-15','DD-MON-RR'),1,1);
Insert into SYSTEM.ERP_INCOME_STATEMENT (DESCRIPTION,CREDIT,DEBIT,LEDG_DATE,ACCOUNT_TYPE,SAS_NO) values ('Building Rent',36000,0,to_date('03-JUN-15','DD-MON-RR'),1,1);
Insert into SYSTEM.ERP_INCOME_STATEMENT (DESCRIPTION,CREDIT,DEBIT,LEDG_DATE,ACCOUNT_TYPE,SAS_NO) values ('Building Rent',25000,0,to_date('16-JUN-15','DD-MON-RR'),1,1);
Insert into SYSTEM.ERP_INCOME_STATEMENT (DESCRIPTION,CREDIT,DEBIT,LEDG_DATE,ACCOUNT_TYPE,SAS_NO) values ('Vehicle rent',8500,28000,to_date('16-JUN-15','DD-MON-RR'),1,1);
Insert into SYSTEM.ERP_INCOME_STATEMENT (DESCRIPTION,CREDIT,DEBIT,LEDG_DATE,ACCOUNT_TYPE,SAS_NO) values ('Land',4500,0,to_date('08-JUN-15','DD-MON-RR'),2,1);
REM INSERTING into SYSTEM.ERP_PREVIOUS_MONTH_BALANCE
SET DEFINE OFF;
REM INSERTING into SYSTEM.CREDIT_SALES_SUMMARY_VIEW
SET DEFINE OFF;
Insert into SYSTEM.CREDIT_SALES_SUMMARY_VIEW (CUS_CODE,CREDIT,NET_AMOUNT,CASH,CHEQUES,CREDITCARD,INVOICE_NO,DESCRIPTION,ADDRESS,TELNO,WEB,FAX,DDATE,CUS_NAME,SAS_NO) values ('001',2500,26000,23500,0,0,343,'Sri Lanka Furniture Pvt (ltd)','Galigamuwa','05528754215','srilankafurniture.lk','05528754215',to_date('01-JUN-15','DD-MON-RR'),'Kamal Kumara',1);
Insert into SYSTEM.CREDIT_SALES_SUMMARY_VIEW (CUS_CODE,CREDIT,NET_AMOUNT,CASH,CHEQUES,CREDITCARD,INVOICE_NO,DESCRIPTION,ADDRESS,TELNO,WEB,FAX,DDATE,CUS_NAME,SAS_NO) values ('wer234',15000,19500,0,4500,0,362,'Sri Lanka Furniture Pvt (ltd)','Galigamuwa','05528754215','srilankafurniture.lk','05528754215',to_date('02-JUN-15','DD-MON-RR'),'Samantha Wijebandara',1);
Insert into SYSTEM.CREDIT_SALES_SUMMARY_VIEW (CUS_CODE,CREDIT,NET_AMOUNT,CASH,CHEQUES,CREDITCARD,INVOICE_NO,DESCRIPTION,ADDRESS,TELNO,WEB,FAX,DDATE,CUS_NAME,SAS_NO) values ('01',3500,65000,50000,6000,5500,365,'Sri Lanka Furniture Pvt (ltd)','Galigamuwa','05528754215','srilankafurniture.lk','05528754215',to_date('01-JUL-15','DD-MON-RR'),'Kamal Perera',1);
Insert into SYSTEM.CREDIT_SALES_SUMMARY_VIEW (CUS_CODE,CREDIT,NET_AMOUNT,CASH,CHEQUES,CREDITCARD,INVOICE_NO,DESCRIPTION,ADDRESS,TELNO,WEB,FAX,DDATE,CUS_NAME,SAS_NO) values ('01',500,71500,60000,10000,1000,381,'Sri Lanka Furniture Pvt (ltd)','Galigamuwa','05528754215','srilankafurniture.lk','05528754215',to_date('09-JUN-15','DD-MON-RR'),'Kamal Perera',1);
Insert into SYSTEM.CREDIT_SALES_SUMMARY_VIEW (CUS_CODE,CREDIT,NET_AMOUNT,CASH,CHEQUES,CREDITCARD,INVOICE_NO,DESCRIPTION,ADDRESS,TELNO,WEB,FAX,DDATE,CUS_NAME,SAS_NO) values ('01',10000,29100,10000,2500,6600,405,'Sri Lanka Furniture Pvt (ltd)','Galigamuwa','05528754215','srilankafurniture.lk','05528754215',to_date('15-JUN-15','DD-MON-RR'),'Kamal Perera',1);
Insert into SYSTEM.CREDIT_SALES_SUMMARY_VIEW (CUS_CODE,CREDIT,NET_AMOUNT,CASH,CHEQUES,CREDITCARD,INVOICE_NO,DESCRIPTION,ADDRESS,TELNO,WEB,FAX,DDATE,CUS_NAME,SAS_NO) values ('001',1000,84140,55640,2500,25000,441,'Sri Lanka Furniture Pvt (ltd)','Galigamuwa','05528754215','srilankafurniture.lk','05528754215',to_date('12-JUL-15','DD-MON-RR'),'Kamal Kumara',1);
Insert into SYSTEM.CREDIT_SALES_SUMMARY_VIEW (CUS_CODE,CREDIT,NET_AMOUNT,CASH,CHEQUES,CREDITCARD,INVOICE_NO,DESCRIPTION,ADDRESS,TELNO,WEB,FAX,DDATE,CUS_NAME,SAS_NO) values ('CASH',660,18660,9000,8000,1000,461,'Sri Lanka Furniture Pvt (ltd)','Galigamuwa','05528754215','srilankafurniture.lk','05528754215',to_date('17-AUG-15','DD-MON-RR'),'CASH',1);
REM INSERTING into SYSTEM.ERP_CASHBOOK
SET DEFINE OFF;
REM INSERTING into SYSTEM.LOAN_VIEW
SET DEFINE OFF;
Insert into SYSTEM.LOAN_VIEW (AMMOUNT,EMPLOYEE_ID,LOAN_ID,BALANCE,EMPLOYEE_NAME) values (10000,61,2,2500,'Saaman Bandara Jayathilaka');
REM INSERTING into SYSTEM.LOAN_BALANCE_VIEW
SET DEFINE OFF;
Insert into SYSTEM.LOAN_BALANCE_VIEW (LOANBALANCE,EMPLOYEE_ID) values (2500,102);
Insert into SYSTEM.LOAN_BALANCE_VIEW (LOANBALANCE,EMPLOYEE_ID) values (2500,61);
Insert into SYSTEM.LOAN_BALANCE_VIEW (LOANBALANCE,EMPLOYEE_ID) values (2750,122);
REM INSERTING into SYSTEM.ERP_PAY_RECIV
SET DEFINE OFF;
REM INSERTING into SYSTEM.BINCARD_VIEW
SET DEFINE OFF;
Insert into SYSTEM.BINCARD_VIEW (ITEM_CODE,NAME,IN_QTY,OUT_QTY,TRANS_TYPE,SAS_NO,TRANSNO,TRANS_DATE,Q,DESCRIPTION,ADDRESS,TELNO,WEB,FAX) values (50,'CLIP SIDE TABLE',0,2,'SALES',1,341,to_date('27-MAY-15','DD-MON-RR'),-2,'Sri Lanka Furniture Pvt (ltd)','Galigamuwa','05528754215','srilankafurniture.lk','05528754215');
Insert into SYSTEM.BINCARD_VIEW (ITEM_CODE,NAME,IN_QTY,OUT_QTY,TRANS_TYPE,SAS_NO,TRANSNO,TRANS_DATE,Q,DESCRIPTION,ADDRESS,TELNO,WEB,FAX) values (50,'CLIP SIDE TABLE',0,2,'SALES',1,366,to_date('27-MAY-15','DD-MON-RR'),-2,'Sri Lanka Furniture Pvt (ltd)','Galigamuwa','05528754215','srilankafurniture.lk','05528754215');
Insert into SYSTEM.BINCARD_VIEW (ITEM_CODE,NAME,IN_QTY,OUT_QTY,TRANS_TYPE,SAS_NO,TRANSNO,TRANS_DATE,Q,DESCRIPTION,ADDRESS,TELNO,WEB,FAX) values (50,'CLIP SIDE TABLE',0,4,'SALES',1,343,to_date('27-MAY-15','DD-MON-RR'),-4,'Sri Lanka Furniture Pvt (ltd)','Galigamuwa','05528754215','srilankafurniture.lk','05528754215');
Insert into SYSTEM.BINCARD_VIEW (ITEM_CODE,NAME,IN_QTY,OUT_QTY,TRANS_TYPE,SAS_NO,TRANSNO,TRANS_DATE,Q,DESCRIPTION,ADDRESS,TELNO,WEB,FAX) values (50,'CLIP SIDE TABLE',0,4,'SALES',1,362,to_date('27-MAY-15','DD-MON-RR'),-4,'Sri Lanka Furniture Pvt (ltd)','Galigamuwa','05528754215','srilankafurniture.lk','05528754215');
Insert into SYSTEM.BINCARD_VIEW (ITEM_CODE,NAME,IN_QTY,OUT_QTY,TRANS_TYPE,SAS_NO,TRANSNO,TRANS_DATE,Q,DESCRIPTION,ADDRESS,TELNO,WEB,FAX) values (50,'CLIP SIDE TABLE',0,5,'PRN',1,61,to_date('27-MAY-15','DD-MON-RR'),-5,'Sri Lanka Furniture Pvt (ltd)','Galigamuwa','05528754215','srilankafurniture.lk','05528754215');
Insert into SYSTEM.BINCARD_VIEW (ITEM_CODE,NAME,IN_QTY,OUT_QTY,TRANS_TYPE,SAS_NO,TRANSNO,TRANS_DATE,Q,DESCRIPTION,ADDRESS,TELNO,WEB,FAX) values (50,'CLIP SIDE TABLE',0,5,'SALES',1,342,to_date('27-MAY-15','DD-MON-RR'),-5,'Sri Lanka Furniture Pvt (ltd)','Galigamuwa','05528754215','srilankafurniture.lk','05528754215');
Insert into SYSTEM.BINCARD_VIEW (ITEM_CODE,NAME,IN_QTY,OUT_QTY,TRANS_TYPE,SAS_NO,TRANSNO,TRANS_DATE,Q,DESCRIPTION,ADDRESS,TELNO,WEB,FAX) values (50,'CLIP SIDE TABLE',0,10,'SALES',1,361,to_date('27-MAY-15','DD-MON-RR'),-10,'Sri Lanka Furniture Pvt (ltd)','Galigamuwa','05528754215','srilankafurniture.lk','05528754215');
Insert into SYSTEM.BINCARD_VIEW (ITEM_CODE,NAME,IN_QTY,OUT_QTY,TRANS_TYPE,SAS_NO,TRANSNO,TRANS_DATE,Q,DESCRIPTION,ADDRESS,TELNO,WEB,FAX) values (50,'CLIP SIDE TABLE',0,10,'SALES',1,364,to_date('27-MAY-15','DD-MON-RR'),-10,'Sri Lanka Furniture Pvt (ltd)','Galigamuwa','05528754215','srilankafurniture.lk','05528754215');
Insert into SYSTEM.BINCARD_VIEW (ITEM_CODE,NAME,IN_QTY,OUT_QTY,TRANS_TYPE,SAS_NO,TRANSNO,TRANS_DATE,Q,DESCRIPTION,ADDRESS,TELNO,WEB,FAX) values (50,'CLIP SIDE TABLE',0,10,'SALES',1,365,to_date('27-MAY-15','DD-MON-RR'),-10,'Sri Lanka Furniture Pvt (ltd)','Galigamuwa','05528754215','srilankafurniture.lk','05528754215');
Insert into SYSTEM.BINCARD_VIEW (ITEM_CODE,NAME,IN_QTY,OUT_QTY,TRANS_TYPE,SAS_NO,TRANSNO,TRANS_DATE,Q,DESCRIPTION,ADDRESS,TELNO,WEB,FAX) values (50,'CLIP SIDE TABLE',0,40,'SALES',1,344,to_date('27-MAY-15','DD-MON-RR'),-40,'Sri Lanka Furniture Pvt (ltd)','Galigamuwa','05528754215','srilankafurniture.lk','05528754215');
Insert into SYSTEM.BINCARD_VIEW (ITEM_CODE,NAME,IN_QTY,OUT_QTY,TRANS_TYPE,SAS_NO,TRANSNO,TRANS_DATE,Q,DESCRIPTION,ADDRESS,TELNO,WEB,FAX) values (50,'CLIP SIDE TABLE',15,0,'GRN',1,81,to_date('27-MAY-15','DD-MON-RR'),15,'Sri Lanka Furniture Pvt (ltd)','Galigamuwa','05528754215','srilankafurniture.lk','05528754215');
Insert into SYSTEM.BINCARD_VIEW (ITEM_CODE,NAME,IN_QTY,OUT_QTY,TRANS_TYPE,SAS_NO,TRANSNO,TRANS_DATE,Q,DESCRIPTION,ADDRESS,TELNO,WEB,FAX) values (50,'CLIP SIDE TABLE',0,10,'SALES',1,381,to_date('09-JUN-15','DD-MON-RR'),-10,'Sri Lanka Furniture Pvt (ltd)','Galigamuwa','05528754215','srilankafurniture.lk','05528754215');
Insert into SYSTEM.BINCARD_VIEW (ITEM_CODE,NAME,IN_QTY,OUT_QTY,TRANS_TYPE,SAS_NO,TRANSNO,TRANS_DATE,Q,DESCRIPTION,ADDRESS,TELNO,WEB,FAX) values (41,'KAMI TABLE',0,1,'SALES',1,381,to_date('09-JUN-15','DD-MON-RR'),-1,'Sri Lanka Furniture Pvt (ltd)','Galigamuwa','05528754215','srilankafurniture.lk','05528754215');
Insert into SYSTEM.BINCARD_VIEW (ITEM_CODE,NAME,IN_QTY,OUT_QTY,TRANS_TYPE,SAS_NO,TRANSNO,TRANS_DATE,Q,DESCRIPTION,ADDRESS,TELNO,WEB,FAX) values (50,'CLIP SIDE TABLE',0,1,'SALES',1,382,to_date('09-JUN-15','DD-MON-RR'),-1,'Sri Lanka Furniture Pvt (ltd)','Galigamuwa','05528754215','srilankafurniture.lk','05528754215');
Insert into SYSTEM.BINCARD_VIEW (ITEM_CODE,NAME,IN_QTY,OUT_QTY,TRANS_TYPE,SAS_NO,TRANSNO,TRANS_DATE,Q,DESCRIPTION,ADDRESS,TELNO,WEB,FAX) values (50,'CLIP SIDE TABLE',0,5,'SALES',1,384,to_date('09-JUN-15','DD-MON-RR'),-5,'Sri Lanka Furniture Pvt (ltd)','Galigamuwa','05528754215','srilankafurniture.lk','05528754215');
Insert into SYSTEM.BINCARD_VIEW (ITEM_CODE,NAME,IN_QTY,OUT_QTY,TRANS_TYPE,SAS_NO,TRANSNO,TRANS_DATE,Q,DESCRIPTION,ADDRESS,TELNO,WEB,FAX) values (41,'KAMI TABLE',0,10,'SALES',1,385,to_date('09-JUN-15','DD-MON-RR'),-10,'Sri Lanka Furniture Pvt (ltd)','Galigamuwa','05528754215','srilankafurniture.lk','05528754215');
Insert into SYSTEM.BINCARD_VIEW (ITEM_CODE,NAME,IN_QTY,OUT_QTY,TRANS_TYPE,SAS_NO,TRANSNO,TRANS_DATE,Q,DESCRIPTION,ADDRESS,TELNO,WEB,FAX) values (41,'KAMI TABLE',0,1,'SALES',1,386,to_date('09-JUN-15','DD-MON-RR'),-1,'Sri Lanka Furniture Pvt (ltd)','Galigamuwa','05528754215','srilankafurniture.lk','05528754215');
Insert into SYSTEM.BINCARD_VIEW (ITEM_CODE,NAME,IN_QTY,OUT_QTY,TRANS_TYPE,SAS_NO,TRANSNO,TRANS_DATE,Q,DESCRIPTION,ADDRESS,TELNO,WEB,FAX) values (50,'CLIP SIDE TABLE',0,5,'SALES',1,390,to_date('09-JUN-15','DD-MON-RR'),-5,'Sri Lanka Furniture Pvt (ltd)','Galigamuwa','05528754215','srilankafurniture.lk','05528754215');
Insert into SYSTEM.BINCARD_VIEW (ITEM_CODE,NAME,IN_QTY,OUT_QTY,TRANS_TYPE,SAS_NO,TRANSNO,TRANS_DATE,Q,DESCRIPTION,ADDRESS,TELNO,WEB,FAX) values (50,'CLIP SIDE TABLE',0,2,'SALES',1,391,to_date('09-JUN-15','DD-MON-RR'),-2,'Sri Lanka Furniture Pvt (ltd)','Galigamuwa','05528754215','srilankafurniture.lk','05528754215');
Insert into SYSTEM.BINCARD_VIEW (ITEM_CODE,NAME,IN_QTY,OUT_QTY,TRANS_TYPE,SAS_NO,TRANSNO,TRANS_DATE,Q,DESCRIPTION,ADDRESS,TELNO,WEB,FAX) values (50,'CLIP SIDE TABLE',1,0,'GRN',1,101,to_date('09-JUN-15','DD-MON-RR'),1,'Sri Lanka Furniture Pvt (ltd)','Galigamuwa','05528754215','srilankafurniture.lk','05528754215');
Insert into SYSTEM.BINCARD_VIEW (ITEM_CODE,NAME,IN_QTY,OUT_QTY,TRANS_TYPE,SAS_NO,TRANSNO,TRANS_DATE,Q,DESCRIPTION,ADDRESS,TELNO,WEB,FAX) values (50,'CLIP SIDE TABLE',10,0,'GRN',1,103,to_date('09-JUN-15','DD-MON-RR'),10,'Sri Lanka Furniture Pvt (ltd)','Galigamuwa','05528754215','srilankafurniture.lk','05528754215');
Insert into SYSTEM.BINCARD_VIEW (ITEM_CODE,NAME,IN_QTY,OUT_QTY,TRANS_TYPE,SAS_NO,TRANSNO,TRANS_DATE,Q,DESCRIPTION,ADDRESS,TELNO,WEB,FAX) values (41,'KAMI TABLE',100,0,'GRN',1,103,to_date('09-JUN-15','DD-MON-RR'),100,'Sri Lanka Furniture Pvt (ltd)','Galigamuwa','05528754215','srilankafurniture.lk','05528754215');
Insert into SYSTEM.BINCARD_VIEW (ITEM_CODE,NAME,IN_QTY,OUT_QTY,TRANS_TYPE,SAS_NO,TRANSNO,TRANS_DATE,Q,DESCRIPTION,ADDRESS,TELNO,WEB,FAX) values (50,'CLIP SIDE TABLE',90,0,'GRN',1,104,to_date('09-JUN-15','DD-MON-RR'),90,'Sri Lanka Furniture Pvt (ltd)','Galigamuwa','05528754215','srilankafurniture.lk','05528754215');
Insert into SYSTEM.BINCARD_VIEW (ITEM_CODE,NAME,IN_QTY,OUT_QTY,TRANS_TYPE,SAS_NO,TRANSNO,TRANS_DATE,Q,DESCRIPTION,ADDRESS,TELNO,WEB,FAX) values (68,'CENTANNI',0,2,'SALES',1,401,to_date('15-JUN-15','DD-MON-RR'),-2,'Sri Lanka Furniture Pvt (ltd)','Galigamuwa','05528754215','srilankafurniture.lk','05528754215');
Insert into SYSTEM.BINCARD_VIEW (ITEM_CODE,NAME,IN_QTY,OUT_QTY,TRANS_TYPE,SAS_NO,TRANSNO,TRANS_DATE,Q,DESCRIPTION,ADDRESS,TELNO,WEB,FAX) values (50,'CLIP SIDE TABLE',0,1,'SALES',1,401,to_date('15-JUN-15','DD-MON-RR'),-1,'Sri Lanka Furniture Pvt (ltd)','Galigamuwa','05528754215','srilankafurniture.lk','05528754215');
Insert into SYSTEM.BINCARD_VIEW (ITEM_CODE,NAME,IN_QTY,OUT_QTY,TRANS_TYPE,SAS_NO,TRANSNO,TRANS_DATE,Q,DESCRIPTION,ADDRESS,TELNO,WEB,FAX) values (64,'DRIFTED STOOL',0,5,'SALES',1,401,to_date('15-JUN-15','DD-MON-RR'),-5,'Sri Lanka Furniture Pvt (ltd)','Galigamuwa','05528754215','srilankafurniture.lk','05528754215');
Insert into SYSTEM.BINCARD_VIEW (ITEM_CODE,NAME,IN_QTY,OUT_QTY,TRANS_TYPE,SAS_NO,TRANSNO,TRANS_DATE,Q,DESCRIPTION,ADDRESS,TELNO,WEB,FAX) values (61,'POCKET CHAIR',0,3,'SALES',1,401,to_date('15-JUN-15','DD-MON-RR'),-3,'Sri Lanka Furniture Pvt (ltd)','Galigamuwa','05528754215','srilankafurniture.lk','05528754215');
Insert into SYSTEM.BINCARD_VIEW (ITEM_CODE,NAME,IN_QTY,OUT_QTY,TRANS_TYPE,SAS_NO,TRANSNO,TRANS_DATE,Q,DESCRIPTION,ADDRESS,TELNO,WEB,FAX) values (62,'SILA CHAIR',0,1,'SALES',1,401,to_date('15-JUN-15','DD-MON-RR'),-1,'Sri Lanka Furniture Pvt (ltd)','Galigamuwa','05528754215','srilankafurniture.lk','05528754215');
Insert into SYSTEM.BINCARD_VIEW (ITEM_CODE,NAME,IN_QTY,OUT_QTY,TRANS_TYPE,SAS_NO,TRANSNO,TRANS_DATE,Q,DESCRIPTION,ADDRESS,TELNO,WEB,FAX) values (50,'CLIP SIDE TABLE',0,1,'SALES',1,402,to_date('15-JUN-15','DD-MON-RR'),-1,'Sri Lanka Furniture Pvt (ltd)','Galigamuwa','05528754215','srilankafurniture.lk','05528754215');
Insert into SYSTEM.BINCARD_VIEW (ITEM_CODE,NAME,IN_QTY,OUT_QTY,TRANS_TYPE,SAS_NO,TRANSNO,TRANS_DATE,Q,DESCRIPTION,ADDRESS,TELNO,WEB,FAX) values (64,'DRIFTED STOOL',0,1,'SALES',1,402,to_date('15-JUN-15','DD-MON-RR'),-1,'Sri Lanka Furniture Pvt (ltd)','Galigamuwa','05528754215','srilankafurniture.lk','05528754215');
Insert into SYSTEM.BINCARD_VIEW (ITEM_CODE,NAME,IN_QTY,OUT_QTY,TRANS_TYPE,SAS_NO,TRANSNO,TRANS_DATE,Q,DESCRIPTION,ADDRESS,TELNO,WEB,FAX) values (61,'POCKET CHAIR',0,1,'SALES',1,402,to_date('15-JUN-15','DD-MON-RR'),-1,'Sri Lanka Furniture Pvt (ltd)','Galigamuwa','05528754215','srilankafurniture.lk','05528754215');
Insert into SYSTEM.BINCARD_VIEW (ITEM_CODE,NAME,IN_QTY,OUT_QTY,TRANS_TYPE,SAS_NO,TRANSNO,TRANS_DATE,Q,DESCRIPTION,ADDRESS,TELNO,WEB,FAX) values (50,'CLIP SIDE TABLE',0,1,'SALES',1,403,to_date('15-JUN-15','DD-MON-RR'),-1,'Sri Lanka Furniture Pvt (ltd)','Galigamuwa','05528754215','srilankafurniture.lk','05528754215');
Insert into SYSTEM.BINCARD_VIEW (ITEM_CODE,NAME,IN_QTY,OUT_QTY,TRANS_TYPE,SAS_NO,TRANSNO,TRANS_DATE,Q,DESCRIPTION,ADDRESS,TELNO,WEB,FAX) values (61,'POCKET CHAIR',0,1,'SALES',1,403,to_date('15-JUN-15','DD-MON-RR'),-1,'Sri Lanka Furniture Pvt (ltd)','Galigamuwa','05528754215','srilankafurniture.lk','05528754215');
Insert into SYSTEM.BINCARD_VIEW (ITEM_CODE,NAME,IN_QTY,OUT_QTY,TRANS_TYPE,SAS_NO,TRANSNO,TRANS_DATE,Q,DESCRIPTION,ADDRESS,TELNO,WEB,FAX) values (62,'SILA CHAIR',0,2,'SALES',1,404,to_date('15-JUN-15','DD-MON-RR'),-2,'Sri Lanka Furniture Pvt (ltd)','Galigamuwa','05528754215','srilankafurniture.lk','05528754215');
Insert into SYSTEM.BINCARD_VIEW (ITEM_CODE,NAME,IN_QTY,OUT_QTY,TRANS_TYPE,SAS_NO,TRANSNO,TRANS_DATE,Q,DESCRIPTION,ADDRESS,TELNO,WEB,FAX) values (63,'SILA STOOL',0,1,'SALES',1,404,to_date('15-JUN-15','DD-MON-RR'),-1,'Sri Lanka Furniture Pvt (ltd)','Galigamuwa','05528754215','srilankafurniture.lk','05528754215');
Insert into SYSTEM.BINCARD_VIEW (ITEM_CODE,NAME,IN_QTY,OUT_QTY,TRANS_TYPE,SAS_NO,TRANSNO,TRANS_DATE,Q,DESCRIPTION,ADDRESS,TELNO,WEB,FAX) values (41,'KAMI TABLE',100,0,'GRN',1,121,to_date('15-JUN-15','DD-MON-RR'),100,'Sri Lanka Furniture Pvt (ltd)','Galigamuwa','05528754215','srilankafurniture.lk','05528754215');
Insert into SYSTEM.BINCARD_VIEW (ITEM_CODE,NAME,IN_QTY,OUT_QTY,TRANS_TYPE,SAS_NO,TRANSNO,TRANS_DATE,Q,DESCRIPTION,ADDRESS,TELNO,WEB,FAX) values (66,'BRIDGE BENCH',5,0,'GRN',1,122,to_date('15-JUN-15','DD-MON-RR'),5,'Sri Lanka Furniture Pvt (ltd)','Galigamuwa','05528754215','srilankafurniture.lk','05528754215');
Insert into SYSTEM.BINCARD_VIEW (ITEM_CODE,NAME,IN_QTY,OUT_QTY,TRANS_TYPE,SAS_NO,TRANSNO,TRANS_DATE,Q,DESCRIPTION,ADDRESS,TELNO,WEB,FAX) values (67,'BRIDGE TABLE',2,0,'GRN',1,122,to_date('15-JUN-15','DD-MON-RR'),2,'Sri Lanka Furniture Pvt (ltd)','Galigamuwa','05528754215','srilankafurniture.lk','05528754215');
Insert into SYSTEM.BINCARD_VIEW (ITEM_CODE,NAME,IN_QTY,OUT_QTY,TRANS_TYPE,SAS_NO,TRANSNO,TRANS_DATE,Q,DESCRIPTION,ADDRESS,TELNO,WEB,FAX) values (68,'CENTANNI',10,0,'GRN',1,122,to_date('15-JUN-15','DD-MON-RR'),10,'Sri Lanka Furniture Pvt (ltd)','Galigamuwa','05528754215','srilankafurniture.lk','05528754215');
Insert into SYSTEM.BINCARD_VIEW (ITEM_CODE,NAME,IN_QTY,OUT_QTY,TRANS_TYPE,SAS_NO,TRANSNO,TRANS_DATE,Q,DESCRIPTION,ADDRESS,TELNO,WEB,FAX) values (50,'CLIP SIDE TABLE',50,0,'GRN',1,122,to_date('15-JUN-15','DD-MON-RR'),50,'Sri Lanka Furniture Pvt (ltd)','Galigamuwa','05528754215','srilankafurniture.lk','05528754215');
Insert into SYSTEM.BINCARD_VIEW (ITEM_CODE,NAME,IN_QTY,OUT_QTY,TRANS_TYPE,SAS_NO,TRANSNO,TRANS_DATE,Q,DESCRIPTION,ADDRESS,TELNO,WEB,FAX) values (64,'DRIFTED STOOL',10,0,'GRN',1,122,to_date('15-JUN-15','DD-MON-RR'),10,'Sri Lanka Furniture Pvt (ltd)','Galigamuwa','05528754215','srilankafurniture.lk','05528754215');
Insert into SYSTEM.BINCARD_VIEW (ITEM_CODE,NAME,IN_QTY,OUT_QTY,TRANS_TYPE,SAS_NO,TRANSNO,TRANS_DATE,Q,DESCRIPTION,ADDRESS,TELNO,WEB,FAX) values (41,'KAMI TABLE',5,0,'GRN',1,122,to_date('15-JUN-15','DD-MON-RR'),5,'Sri Lanka Furniture Pvt (ltd)','Galigamuwa','05528754215','srilankafurniture.lk','05528754215');
Insert into SYSTEM.BINCARD_VIEW (ITEM_CODE,NAME,IN_QTY,OUT_QTY,TRANS_TYPE,SAS_NO,TRANSNO,TRANS_DATE,Q,DESCRIPTION,ADDRESS,TELNO,WEB,FAX) values (62,'SILA CHAIR',10,0,'GRN',1,122,to_date('15-JUN-15','DD-MON-RR'),10,'Sri Lanka Furniture Pvt (ltd)','Galigamuwa','05528754215','srilankafurniture.lk','05528754215');
Insert into SYSTEM.BINCARD_VIEW (ITEM_CODE,NAME,IN_QTY,OUT_QTY,TRANS_TYPE,SAS_NO,TRANSNO,TRANS_DATE,Q,DESCRIPTION,ADDRESS,TELNO,WEB,FAX) values (63,'SILA STOOL',10,0,'GRN',1,122,to_date('15-JUN-15','DD-MON-RR'),10,'Sri Lanka Furniture Pvt (ltd)','Galigamuwa','05528754215','srilankafurniture.lk','05528754215');
Insert into SYSTEM.BINCARD_VIEW (ITEM_CODE,NAME,IN_QTY,OUT_QTY,TRANS_TYPE,SAS_NO,TRANSNO,TRANS_DATE,Q,DESCRIPTION,ADDRESS,TELNO,WEB,FAX) values (65,'TWO TONE ARMCHAIR',10,0,'GRN',1,122,to_date('15-JUN-15','DD-MON-RR'),10,'Sri Lanka Furniture Pvt (ltd)','Galigamuwa','05528754215','srilankafurniture.lk','05528754215');
Insert into SYSTEM.BINCARD_VIEW (ITEM_CODE,NAME,IN_QTY,OUT_QTY,TRANS_TYPE,SAS_NO,TRANSNO,TRANS_DATE,Q,DESCRIPTION,ADDRESS,TELNO,WEB,FAX) values (61,'POCKET CHAIR',10,0,'GRN',1,123,to_date('15-JUN-15','DD-MON-RR'),10,'Sri Lanka Furniture Pvt (ltd)','Galigamuwa','05528754215','srilankafurniture.lk','05528754215');
Insert into SYSTEM.BINCARD_VIEW (ITEM_CODE,NAME,IN_QTY,OUT_QTY,TRANS_TYPE,SAS_NO,TRANSNO,TRANS_DATE,Q,DESCRIPTION,ADDRESS,TELNO,WEB,FAX) values (41,'KAMI TABLE',0,2,'SALES',1,405,to_date('15-JUN-15','DD-MON-RR'),-2,'Sri Lanka Furniture Pvt (ltd)','Galigamuwa','05528754215','srilankafurniture.lk','05528754215');
Insert into SYSTEM.BINCARD_VIEW (ITEM_CODE,NAME,IN_QTY,OUT_QTY,TRANS_TYPE,SAS_NO,TRANSNO,TRANS_DATE,Q,DESCRIPTION,ADDRESS,TELNO,WEB,FAX) values (63,'SILA STOOL',0,2,'SALES',1,405,to_date('15-JUN-15','DD-MON-RR'),-2,'Sri Lanka Furniture Pvt (ltd)','Galigamuwa','05528754215','srilankafurniture.lk','05528754215');
Insert into SYSTEM.BINCARD_VIEW (ITEM_CODE,NAME,IN_QTY,OUT_QTY,TRANS_TYPE,SAS_NO,TRANSNO,TRANS_DATE,Q,DESCRIPTION,ADDRESS,TELNO,WEB,FAX) values (65,'TWO TONE ARMCHAIR',0,1,'SALES',1,405,to_date('15-JUN-15','DD-MON-RR'),-1,'Sri Lanka Furniture Pvt (ltd)','Galigamuwa','05528754215','srilankafurniture.lk','05528754215');
Insert into SYSTEM.BINCARD_VIEW (ITEM_CODE,NAME,IN_QTY,OUT_QTY,TRANS_TYPE,SAS_NO,TRANSNO,TRANS_DATE,Q,DESCRIPTION,ADDRESS,TELNO,WEB,FAX) values (41,'KAMI TABLE',9,0,'GRN',1,124,to_date('15-JUN-15','DD-MON-RR'),9,'Sri Lanka Furniture Pvt (ltd)','Galigamuwa','05528754215','srilankafurniture.lk','05528754215');
Insert into SYSTEM.BINCARD_VIEW (ITEM_CODE,NAME,IN_QTY,OUT_QTY,TRANS_TYPE,SAS_NO,TRANSNO,TRANS_DATE,Q,DESCRIPTION,ADDRESS,TELNO,WEB,FAX) values (41,'KAMI TABLE',0,1,'SALES',1,421,to_date('16-JUN-15','DD-MON-RR'),-1,'Sri Lanka Furniture Pvt (ltd)','Galigamuwa','05528754215','srilankafurniture.lk','05528754215');
Insert into SYSTEM.BINCARD_VIEW (ITEM_CODE,NAME,IN_QTY,OUT_QTY,TRANS_TYPE,SAS_NO,TRANSNO,TRANS_DATE,Q,DESCRIPTION,ADDRESS,TELNO,WEB,FAX) values (61,'POCKET CHAIR',0,2,'SALES',1,421,to_date('16-JUN-15','DD-MON-RR'),-2,'Sri Lanka Furniture Pvt (ltd)','Galigamuwa','05528754215','srilankafurniture.lk','05528754215');
Insert into SYSTEM.BINCARD_VIEW (ITEM_CODE,NAME,IN_QTY,OUT_QTY,TRANS_TYPE,SAS_NO,TRANSNO,TRANS_DATE,Q,DESCRIPTION,ADDRESS,TELNO,WEB,FAX) values (66,'BRIDGE BENCH',0,5,'SALES',1,441,to_date('12-JUL-15','DD-MON-RR'),-5,'Sri Lanka Furniture Pvt (ltd)','Galigamuwa','05528754215','srilankafurniture.lk','05528754215');
Insert into SYSTEM.BINCARD_VIEW (ITEM_CODE,NAME,IN_QTY,OUT_QTY,TRANS_TYPE,SAS_NO,TRANSNO,TRANS_DATE,Q,DESCRIPTION,ADDRESS,TELNO,WEB,FAX) values (50,'CLIP SIDE TABLE',0,5,'SALES',1,441,to_date('12-JUL-15','DD-MON-RR'),-5,'Sri Lanka Furniture Pvt (ltd)','Galigamuwa','05528754215','srilankafurniture.lk','05528754215');
Insert into SYSTEM.BINCARD_VIEW (ITEM_CODE,NAME,IN_QTY,OUT_QTY,TRANS_TYPE,SAS_NO,TRANSNO,TRANS_DATE,Q,DESCRIPTION,ADDRESS,TELNO,WEB,FAX) values (64,'DRIFTED STOOL',0,5,'SALES',1,441,to_date('12-JUL-15','DD-MON-RR'),-5,'Sri Lanka Furniture Pvt (ltd)','Galigamuwa','05528754215','srilankafurniture.lk','05528754215');
Insert into SYSTEM.BINCARD_VIEW (ITEM_CODE,NAME,IN_QTY,OUT_QTY,TRANS_TYPE,SAS_NO,TRANSNO,TRANS_DATE,Q,DESCRIPTION,ADDRESS,TELNO,WEB,FAX) values (61,'POCKET CHAIR',0,1,'SALES',1,441,to_date('12-JUL-15','DD-MON-RR'),-1,'Sri Lanka Furniture Pvt (ltd)','Galigamuwa','05528754215','srilankafurniture.lk','05528754215');
Insert into SYSTEM.BINCARD_VIEW (ITEM_CODE,NAME,IN_QTY,OUT_QTY,TRANS_TYPE,SAS_NO,TRANSNO,TRANS_DATE,Q,DESCRIPTION,ADDRESS,TELNO,WEB,FAX) values (66,'BRIDGE BENCH',0,2,'SALES',1,461,to_date('17-AUG-15','DD-MON-RR'),-2,'Sri Lanka Furniture Pvt (ltd)','Galigamuwa','05528754215','srilankafurniture.lk','05528754215');
Insert into SYSTEM.BINCARD_VIEW (ITEM_CODE,NAME,IN_QTY,OUT_QTY,TRANS_TYPE,SAS_NO,TRANSNO,TRANS_DATE,Q,DESCRIPTION,ADDRESS,TELNO,WEB,FAX) values (61,'POCKET CHAIR',0,1,'SALES',1,461,to_date('17-AUG-15','DD-MON-RR'),-1,'Sri Lanka Furniture Pvt (ltd)','Galigamuwa','05528754215','srilankafurniture.lk','05528754215');
Insert into SYSTEM.BINCARD_VIEW (ITEM_CODE,NAME,IN_QTY,OUT_QTY,TRANS_TYPE,SAS_NO,TRANSNO,TRANS_DATE,Q,DESCRIPTION,ADDRESS,TELNO,WEB,FAX) values (62,'SILA CHAIR',0,1,'SALES',1,461,to_date('17-AUG-15','DD-MON-RR'),-1,'Sri Lanka Furniture Pvt (ltd)','Galigamuwa','05528754215','srilankafurniture.lk','05528754215');
Insert into SYSTEM.BINCARD_VIEW (ITEM_CODE,NAME,IN_QTY,OUT_QTY,TRANS_TYPE,SAS_NO,TRANSNO,TRANS_DATE,Q,DESCRIPTION,ADDRESS,TELNO,WEB,FAX) values (66,'BRIDGE BENCH',10,0,'GRN',1,141,to_date('17-AUG-15','DD-MON-RR'),10,'Sri Lanka Furniture Pvt (ltd)','Galigamuwa','05528754215','srilankafurniture.lk','05528754215');
Insert into SYSTEM.BINCARD_VIEW (ITEM_CODE,NAME,IN_QTY,OUT_QTY,TRANS_TYPE,SAS_NO,TRANSNO,TRANS_DATE,Q,DESCRIPTION,ADDRESS,TELNO,WEB,FAX) values (64,'DRIFTED STOOL',20,0,'GRN',1,141,to_date('17-AUG-15','DD-MON-RR'),20,'Sri Lanka Furniture Pvt (ltd)','Galigamuwa','05528754215','srilankafurniture.lk','05528754215');
REM INSERTING into SYSTEM.INVOICE_VIEW
SET DEFINE OFF;
Insert into SYSTEM.INVOICE_VIEW (SALES_SUM_INVOICE_NO,SALES_SUM_CUS_CODE,SALES_SUM_DDATE,SALES_SUM_SALES_TYPE,SALES_SUM_TOTAL_AMOUNT,SALES_SUM_DISCOUNT,SALES_SUM_NET_AMOUNT,SALES_SUM_CASH,SALES_SUM_CHEQUES,SALES_SUM_CREDITCARD,SALES_SUM_CREDIT,SALES_DETAILS_SPRICE,SALES_DETAILS_QTY,SALES_DETAILS_TOTAL,SALES_DETAILS_DISCOUNT,SALES_DETAILS_NET_AMOUNT,SALES_DETAILS_ITEMCODE,CUSTOMER_CUS_NAME,CHEQUES_CHEQUENO,CHEQUES_BDATE,CHEQUES_BANK,CHEQUES_BBRANCH,CHEQUES_AMOUNT,CREDITCARD_AMOUNT,CREDITCARD_CARDNO,ITEMS_NAME,ITEMS_CAT_CODE,SALES_SUM_SAS_NO,SAS_SAS_NO,SAS_DESCRIPTION,SAS_ADDRESS,SAS_TELNO,SAS_WEB,SAS_FAX,CUSTOMER_ADDRESS,CUSTOMER_CONTACT_NO,INVOICENO) values (341,'01',to_date('24-MAY-15','DD-MON-RR'),1,12998,0,12998,12998,0,0,0,6500,2,13000,0,12998,50,'Kamal Perera',null,null,null,null,null,null,null,'CLIP SIDE TABLE',1,1,1,'Sri Lanka Furniture Pvt (ltd)','Galigamuwa','05528754215','srilankafurniture.lk','05528754215','Colombo','0785854525',341);
Insert into SYSTEM.INVOICE_VIEW (SALES_SUM_INVOICE_NO,SALES_SUM_CUS_CODE,SALES_SUM_DDATE,SALES_SUM_SALES_TYPE,SALES_SUM_TOTAL_AMOUNT,SALES_SUM_DISCOUNT,SALES_SUM_NET_AMOUNT,SALES_SUM_CASH,SALES_SUM_CHEQUES,SALES_SUM_CREDITCARD,SALES_SUM_CREDIT,SALES_DETAILS_SPRICE,SALES_DETAILS_QTY,SALES_DETAILS_TOTAL,SALES_DETAILS_DISCOUNT,SALES_DETAILS_NET_AMOUNT,SALES_DETAILS_ITEMCODE,CUSTOMER_CUS_NAME,CHEQUES_CHEQUENO,CHEQUES_BDATE,CHEQUES_BANK,CHEQUES_BBRANCH,CHEQUES_AMOUNT,CREDITCARD_AMOUNT,CREDITCARD_CARDNO,ITEMS_NAME,ITEMS_CAT_CODE,SALES_SUM_SAS_NO,SAS_SAS_NO,SAS_DESCRIPTION,SAS_ADDRESS,SAS_TELNO,SAS_WEB,SAS_FAX,CUSTOMER_ADDRESS,CUSTOMER_CONTACT_NO,INVOICENO) values (342,'01',to_date('24-MAY-15','DD-MON-RR'),1,32498,0,32498,32498,0,0,0,6500,5,32500,0,32498,50,'Kamal Perera',null,null,null,null,null,null,null,'CLIP SIDE TABLE',1,1,1,'Sri Lanka Furniture Pvt (ltd)','Galigamuwa','05528754215','srilankafurniture.lk','05528754215','Colombo','0785854525',342);
Insert into SYSTEM.INVOICE_VIEW (SALES_SUM_INVOICE_NO,SALES_SUM_CUS_CODE,SALES_SUM_DDATE,SALES_SUM_SALES_TYPE,SALES_SUM_TOTAL_AMOUNT,SALES_SUM_DISCOUNT,SALES_SUM_NET_AMOUNT,SALES_SUM_CASH,SALES_SUM_CHEQUES,SALES_SUM_CREDITCARD,SALES_SUM_CREDIT,SALES_DETAILS_SPRICE,SALES_DETAILS_QTY,SALES_DETAILS_TOTAL,SALES_DETAILS_DISCOUNT,SALES_DETAILS_NET_AMOUNT,SALES_DETAILS_ITEMCODE,CUSTOMER_CUS_NAME,CHEQUES_CHEQUENO,CHEQUES_BDATE,CHEQUES_BANK,CHEQUES_BBRANCH,CHEQUES_AMOUNT,CREDITCARD_AMOUNT,CREDITCARD_CARDNO,ITEMS_NAME,ITEMS_CAT_CODE,SALES_SUM_SAS_NO,SAS_SAS_NO,SAS_DESCRIPTION,SAS_ADDRESS,SAS_TELNO,SAS_WEB,SAS_FAX,CUSTOMER_ADDRESS,CUSTOMER_CONTACT_NO,INVOICENO) values (343,'001',to_date('01-JUN-15','DD-MON-RR'),5,26000,0,26000,23500,0,0,2500,6500,4,26000,0,26000,50,'Kamal Kumara',null,null,null,null,null,null,null,'CLIP SIDE TABLE',1,1,1,'Sri Lanka Furniture Pvt (ltd)','Galigamuwa','05528754215','srilankafurniture.lk','05528754215','Colombo','0785874585',343);
Insert into SYSTEM.INVOICE_VIEW (SALES_SUM_INVOICE_NO,SALES_SUM_CUS_CODE,SALES_SUM_DDATE,SALES_SUM_SALES_TYPE,SALES_SUM_TOTAL_AMOUNT,SALES_SUM_DISCOUNT,SALES_SUM_NET_AMOUNT,SALES_SUM_CASH,SALES_SUM_CHEQUES,SALES_SUM_CREDITCARD,SALES_SUM_CREDIT,SALES_DETAILS_SPRICE,SALES_DETAILS_QTY,SALES_DETAILS_TOTAL,SALES_DETAILS_DISCOUNT,SALES_DETAILS_NET_AMOUNT,SALES_DETAILS_ITEMCODE,CUSTOMER_CUS_NAME,CHEQUES_CHEQUENO,CHEQUES_BDATE,CHEQUES_BANK,CHEQUES_BBRANCH,CHEQUES_AMOUNT,CREDITCARD_AMOUNT,CREDITCARD_CARDNO,ITEMS_NAME,ITEMS_CAT_CODE,SALES_SUM_SAS_NO,SAS_SAS_NO,SAS_DESCRIPTION,SAS_ADDRESS,SAS_TELNO,SAS_WEB,SAS_FAX,CUSTOMER_ADDRESS,CUSTOMER_CONTACT_NO,INVOICENO) values (344,'122212',to_date('01-JUN-15','DD-MON-RR'),1,259998,0,259998,259998,0,0,0,6500,40,260000,0,259998,50,'Gayan Perera',null,null,null,null,null,null,null,'CLIP SIDE TABLE',1,1,1,'Sri Lanka Furniture Pvt (ltd)','Galigamuwa','05528754215','srilankafurniture.lk','05528754215','Kurunegala','0378255225',344);
Insert into SYSTEM.INVOICE_VIEW (SALES_SUM_INVOICE_NO,SALES_SUM_CUS_CODE,SALES_SUM_DDATE,SALES_SUM_SALES_TYPE,SALES_SUM_TOTAL_AMOUNT,SALES_SUM_DISCOUNT,SALES_SUM_NET_AMOUNT,SALES_SUM_CASH,SALES_SUM_CHEQUES,SALES_SUM_CREDITCARD,SALES_SUM_CREDIT,SALES_DETAILS_SPRICE,SALES_DETAILS_QTY,SALES_DETAILS_TOTAL,SALES_DETAILS_DISCOUNT,SALES_DETAILS_NET_AMOUNT,SALES_DETAILS_ITEMCODE,CUSTOMER_CUS_NAME,CHEQUES_CHEQUENO,CHEQUES_BDATE,CHEQUES_BANK,CHEQUES_BBRANCH,CHEQUES_AMOUNT,CREDITCARD_AMOUNT,CREDITCARD_CARDNO,ITEMS_NAME,ITEMS_CAT_CODE,SALES_SUM_SAS_NO,SAS_SAS_NO,SAS_DESCRIPTION,SAS_ADDRESS,SAS_TELNO,SAS_WEB,SAS_FAX,CUSTOMER_ADDRESS,CUSTOMER_CONTACT_NO,INVOICENO) values (361,'01',to_date('02-JUN-15','DD-MON-RR'),1,60000,0,60000,60000,0,0,0,6500,10,65000,0,60000,50,'Kamal Perera',null,null,null,null,null,null,null,'CLIP SIDE TABLE',1,1,1,'Sri Lanka Furniture Pvt (ltd)','Galigamuwa','05528754215','srilankafurniture.lk','05528754215','Colombo','0785854525',361);
Insert into SYSTEM.INVOICE_VIEW (SALES_SUM_INVOICE_NO,SALES_SUM_CUS_CODE,SALES_SUM_DDATE,SALES_SUM_SALES_TYPE,SALES_SUM_TOTAL_AMOUNT,SALES_SUM_DISCOUNT,SALES_SUM_NET_AMOUNT,SALES_SUM_CASH,SALES_SUM_CHEQUES,SALES_SUM_CREDITCARD,SALES_SUM_CREDIT,SALES_DETAILS_SPRICE,SALES_DETAILS_QTY,SALES_DETAILS_TOTAL,SALES_DETAILS_DISCOUNT,SALES_DETAILS_NET_AMOUNT,SALES_DETAILS_ITEMCODE,CUSTOMER_CUS_NAME,CHEQUES_CHEQUENO,CHEQUES_BDATE,CHEQUES_BANK,CHEQUES_BBRANCH,CHEQUES_AMOUNT,CREDITCARD_AMOUNT,CREDITCARD_CARDNO,ITEMS_NAME,ITEMS_CAT_CODE,SALES_SUM_SAS_NO,SAS_SAS_NO,SAS_DESCRIPTION,SAS_ADDRESS,SAS_TELNO,SAS_WEB,SAS_FAX,CUSTOMER_ADDRESS,CUSTOMER_CONTACT_NO,INVOICENO) values (362,'wer234',to_date('02-JUN-15','DD-MON-RR'),5,19500,0,19500,0,4500,0,15000,6500,4,26000,0,19500,50,'Samantha Wijebandara','16445465',null,'BOC','Kandy',4500,null,null,'CLIP SIDE TABLE',1,1,1,'Sri Lanka Furniture Pvt (ltd)','Galigamuwa','05528754215','srilankafurniture.lk','05528754215','colombo 3','0112556655',362);
Insert into SYSTEM.INVOICE_VIEW (SALES_SUM_INVOICE_NO,SALES_SUM_CUS_CODE,SALES_SUM_DDATE,SALES_SUM_SALES_TYPE,SALES_SUM_TOTAL_AMOUNT,SALES_SUM_DISCOUNT,SALES_SUM_NET_AMOUNT,SALES_SUM_CASH,SALES_SUM_CHEQUES,SALES_SUM_CREDITCARD,SALES_SUM_CREDIT,SALES_DETAILS_SPRICE,SALES_DETAILS_QTY,SALES_DETAILS_TOTAL,SALES_DETAILS_DISCOUNT,SALES_DETAILS_NET_AMOUNT,SALES_DETAILS_ITEMCODE,CUSTOMER_CUS_NAME,CHEQUES_CHEQUENO,CHEQUES_BDATE,CHEQUES_BANK,CHEQUES_BBRANCH,CHEQUES_AMOUNT,CREDITCARD_AMOUNT,CREDITCARD_CARDNO,ITEMS_NAME,ITEMS_CAT_CODE,SALES_SUM_SAS_NO,SAS_SAS_NO,SAS_DESCRIPTION,SAS_ADDRESS,SAS_TELNO,SAS_WEB,SAS_FAX,CUSTOMER_ADDRESS,CUSTOMER_CONTACT_NO,INVOICENO) values (364,'01',to_date('02-JUN-15','DD-MON-RR'),5,64980,0,64980,4980,0,60000,0,6500,10,65000,0,64980,50,'Kamal Perera',null,null,null,null,null,60000,'31231','CLIP SIDE TABLE',1,1,1,'Sri Lanka Furniture Pvt (ltd)','Galigamuwa','05528754215','srilankafurniture.lk','05528754215','Colombo','0785854525',364);
Insert into SYSTEM.INVOICE_VIEW (SALES_SUM_INVOICE_NO,SALES_SUM_CUS_CODE,SALES_SUM_DDATE,SALES_SUM_SALES_TYPE,SALES_SUM_TOTAL_AMOUNT,SALES_SUM_DISCOUNT,SALES_SUM_NET_AMOUNT,SALES_SUM_CASH,SALES_SUM_CHEQUES,SALES_SUM_CREDITCARD,SALES_SUM_CREDIT,SALES_DETAILS_SPRICE,SALES_DETAILS_QTY,SALES_DETAILS_TOTAL,SALES_DETAILS_DISCOUNT,SALES_DETAILS_NET_AMOUNT,SALES_DETAILS_ITEMCODE,CUSTOMER_CUS_NAME,CHEQUES_CHEQUENO,CHEQUES_BDATE,CHEQUES_BANK,CHEQUES_BBRANCH,CHEQUES_AMOUNT,CREDITCARD_AMOUNT,CREDITCARD_CARDNO,ITEMS_NAME,ITEMS_CAT_CODE,SALES_SUM_SAS_NO,SAS_SAS_NO,SAS_DESCRIPTION,SAS_ADDRESS,SAS_TELNO,SAS_WEB,SAS_FAX,CUSTOMER_ADDRESS,CUSTOMER_CONTACT_NO,INVOICENO) values (365,'01',to_date('01-JUL-15','DD-MON-RR'),5,65000,0,65000,50000,6000,5500,3500,6500,10,65000,0,65000,50,'Kamal Perera','332432',null,'BOC','Kandy',6000,5500,'1312321','CLIP SIDE TABLE',1,1,1,'Sri Lanka Furniture Pvt (ltd)','Galigamuwa','05528754215','srilankafurniture.lk','05528754215','Colombo','0785854525',365);
Insert into SYSTEM.INVOICE_VIEW (SALES_SUM_INVOICE_NO,SALES_SUM_CUS_CODE,SALES_SUM_DDATE,SALES_SUM_SALES_TYPE,SALES_SUM_TOTAL_AMOUNT,SALES_SUM_DISCOUNT,SALES_SUM_NET_AMOUNT,SALES_SUM_CASH,SALES_SUM_CHEQUES,SALES_SUM_CREDITCARD,SALES_SUM_CREDIT,SALES_DETAILS_SPRICE,SALES_DETAILS_QTY,SALES_DETAILS_TOTAL,SALES_DETAILS_DISCOUNT,SALES_DETAILS_NET_AMOUNT,SALES_DETAILS_ITEMCODE,CUSTOMER_CUS_NAME,CHEQUES_CHEQUENO,CHEQUES_BDATE,CHEQUES_BANK,CHEQUES_BBRANCH,CHEQUES_AMOUNT,CREDITCARD_AMOUNT,CREDITCARD_CARDNO,ITEMS_NAME,ITEMS_CAT_CODE,SALES_SUM_SAS_NO,SAS_SAS_NO,SAS_DESCRIPTION,SAS_ADDRESS,SAS_TELNO,SAS_WEB,SAS_FAX,CUSTOMER_ADDRESS,CUSTOMER_CONTACT_NO,INVOICENO) values (366,'01',to_date('01-JUL-15','DD-MON-RR'),5,12350,0,12350,11150,0,1200,0,6500,2,13000,0,12350,50,'Kamal Perera',null,null,null,null,null,1200,'234234','CLIP SIDE TABLE',1,1,1,'Sri Lanka Furniture Pvt (ltd)','Galigamuwa','05528754215','srilankafurniture.lk','05528754215','Colombo','0785854525',366);
Insert into SYSTEM.INVOICE_VIEW (SALES_SUM_INVOICE_NO,SALES_SUM_CUS_CODE,SALES_SUM_DDATE,SALES_SUM_SALES_TYPE,SALES_SUM_TOTAL_AMOUNT,SALES_SUM_DISCOUNT,SALES_SUM_NET_AMOUNT,SALES_SUM_CASH,SALES_SUM_CHEQUES,SALES_SUM_CREDITCARD,SALES_SUM_CREDIT,SALES_DETAILS_SPRICE,SALES_DETAILS_QTY,SALES_DETAILS_TOTAL,SALES_DETAILS_DISCOUNT,SALES_DETAILS_NET_AMOUNT,SALES_DETAILS_ITEMCODE,CUSTOMER_CUS_NAME,CHEQUES_CHEQUENO,CHEQUES_BDATE,CHEQUES_BANK,CHEQUES_BBRANCH,CHEQUES_AMOUNT,CREDITCARD_AMOUNT,CREDITCARD_CARDNO,ITEMS_NAME,ITEMS_CAT_CODE,SALES_SUM_SAS_NO,SAS_SAS_NO,SAS_DESCRIPTION,SAS_ADDRESS,SAS_TELNO,SAS_WEB,SAS_FAX,CUSTOMER_ADDRESS,CUSTOMER_CONTACT_NO,INVOICENO) values (381,'01',to_date('09-JUN-15','DD-MON-RR'),5,71500,0,71500,60000,10000,1000,500,6500,1,6500,0,71500,41,'Kamal Perera','48648464',null,'BOC','Kegalle',10000,1000,'8976465464','KAMI TABLE',1,1,1,'Sri Lanka Furniture Pvt (ltd)','Galigamuwa','05528754215','srilankafurniture.lk','05528754215','Colombo','0785854525',381);
Insert into SYSTEM.INVOICE_VIEW (SALES_SUM_INVOICE_NO,SALES_SUM_CUS_CODE,SALES_SUM_DDATE,SALES_SUM_SALES_TYPE,SALES_SUM_TOTAL_AMOUNT,SALES_SUM_DISCOUNT,SALES_SUM_NET_AMOUNT,SALES_SUM_CASH,SALES_SUM_CHEQUES,SALES_SUM_CREDITCARD,SALES_SUM_CREDIT,SALES_DETAILS_SPRICE,SALES_DETAILS_QTY,SALES_DETAILS_TOTAL,SALES_DETAILS_DISCOUNT,SALES_DETAILS_NET_AMOUNT,SALES_DETAILS_ITEMCODE,CUSTOMER_CUS_NAME,CHEQUES_CHEQUENO,CHEQUES_BDATE,CHEQUES_BANK,CHEQUES_BBRANCH,CHEQUES_AMOUNT,CREDITCARD_AMOUNT,CREDITCARD_CARDNO,ITEMS_NAME,ITEMS_CAT_CODE,SALES_SUM_SAS_NO,SAS_SAS_NO,SAS_DESCRIPTION,SAS_ADDRESS,SAS_TELNO,SAS_WEB,SAS_FAX,CUSTOMER_ADDRESS,CUSTOMER_CONTACT_NO,INVOICENO) values (381,'01',to_date('09-JUN-15','DD-MON-RR'),5,71500,0,71500,60000,10000,1000,500,6500,10,65000,0,71500,50,'Kamal Perera','48648464',null,'BOC','Kegalle',10000,1000,'8976465464','CLIP SIDE TABLE',1,1,1,'Sri Lanka Furniture Pvt (ltd)','Galigamuwa','05528754215','srilankafurniture.lk','05528754215','Colombo','0785854525',381);
Insert into SYSTEM.INVOICE_VIEW (SALES_SUM_INVOICE_NO,SALES_SUM_CUS_CODE,SALES_SUM_DDATE,SALES_SUM_SALES_TYPE,SALES_SUM_TOTAL_AMOUNT,SALES_SUM_DISCOUNT,SALES_SUM_NET_AMOUNT,SALES_SUM_CASH,SALES_SUM_CHEQUES,SALES_SUM_CREDITCARD,SALES_SUM_CREDIT,SALES_DETAILS_SPRICE,SALES_DETAILS_QTY,SALES_DETAILS_TOTAL,SALES_DETAILS_DISCOUNT,SALES_DETAILS_NET_AMOUNT,SALES_DETAILS_ITEMCODE,CUSTOMER_CUS_NAME,CHEQUES_CHEQUENO,CHEQUES_BDATE,CHEQUES_BANK,CHEQUES_BBRANCH,CHEQUES_AMOUNT,CREDITCARD_AMOUNT,CREDITCARD_CARDNO,ITEMS_NAME,ITEMS_CAT_CODE,SALES_SUM_SAS_NO,SAS_SAS_NO,SAS_DESCRIPTION,SAS_ADDRESS,SAS_TELNO,SAS_WEB,SAS_FAX,CUSTOMER_ADDRESS,CUSTOMER_CONTACT_NO,INVOICENO) values (382,'01',to_date('09-JUN-15','DD-MON-RR'),1,6500,0,6500,6500,0,0,0,6500,1,6500,0,6500,50,'Kamal Perera',null,null,null,null,null,null,null,'CLIP SIDE TABLE',1,1,1,'Sri Lanka Furniture Pvt (ltd)','Galigamuwa','05528754215','srilankafurniture.lk','05528754215','Colombo','0785854525',382);
Insert into SYSTEM.INVOICE_VIEW (SALES_SUM_INVOICE_NO,SALES_SUM_CUS_CODE,SALES_SUM_DDATE,SALES_SUM_SALES_TYPE,SALES_SUM_TOTAL_AMOUNT,SALES_SUM_DISCOUNT,SALES_SUM_NET_AMOUNT,SALES_SUM_CASH,SALES_SUM_CHEQUES,SALES_SUM_CREDITCARD,SALES_SUM_CREDIT,SALES_DETAILS_SPRICE,SALES_DETAILS_QTY,SALES_DETAILS_TOTAL,SALES_DETAILS_DISCOUNT,SALES_DETAILS_NET_AMOUNT,SALES_DETAILS_ITEMCODE,CUSTOMER_CUS_NAME,CHEQUES_CHEQUENO,CHEQUES_BDATE,CHEQUES_BANK,CHEQUES_BBRANCH,CHEQUES_AMOUNT,CREDITCARD_AMOUNT,CREDITCARD_CARDNO,ITEMS_NAME,ITEMS_CAT_CODE,SALES_SUM_SAS_NO,SAS_SAS_NO,SAS_DESCRIPTION,SAS_ADDRESS,SAS_TELNO,SAS_WEB,SAS_FAX,CUSTOMER_ADDRESS,CUSTOMER_CONTACT_NO,INVOICENO) values (384,'001',to_date('09-JUN-15','DD-MON-RR'),1,32500,0,32500,32500,0,0,0,6500,5,32500,0,32500,50,'Kamal Kumara',null,null,null,null,null,null,null,'CLIP SIDE TABLE',1,1,1,'Sri Lanka Furniture Pvt (ltd)','Galigamuwa','05528754215','srilankafurniture.lk','05528754215','Colombo','0785874585',384);
Insert into SYSTEM.INVOICE_VIEW (SALES_SUM_INVOICE_NO,SALES_SUM_CUS_CODE,SALES_SUM_DDATE,SALES_SUM_SALES_TYPE,SALES_SUM_TOTAL_AMOUNT,SALES_SUM_DISCOUNT,SALES_SUM_NET_AMOUNT,SALES_SUM_CASH,SALES_SUM_CHEQUES,SALES_SUM_CREDITCARD,SALES_SUM_CREDIT,SALES_DETAILS_SPRICE,SALES_DETAILS_QTY,SALES_DETAILS_TOTAL,SALES_DETAILS_DISCOUNT,SALES_DETAILS_NET_AMOUNT,SALES_DETAILS_ITEMCODE,CUSTOMER_CUS_NAME,CHEQUES_CHEQUENO,CHEQUES_BDATE,CHEQUES_BANK,CHEQUES_BBRANCH,CHEQUES_AMOUNT,CREDITCARD_AMOUNT,CREDITCARD_CARDNO,ITEMS_NAME,ITEMS_CAT_CODE,SALES_SUM_SAS_NO,SAS_SAS_NO,SAS_DESCRIPTION,SAS_ADDRESS,SAS_TELNO,SAS_WEB,SAS_FAX,CUSTOMER_ADDRESS,CUSTOMER_CONTACT_NO,INVOICENO) values (385,'122212',to_date('09-JUN-15','DD-MON-RR'),1,65000,0,65000,65000,0,0,0,6500,10,65000,0,65000,41,'Gayan Perera',null,null,null,null,null,null,null,'KAMI TABLE',1,1,1,'Sri Lanka Furniture Pvt (ltd)','Galigamuwa','05528754215','srilankafurniture.lk','05528754215','Kurunegala','0378255225',385);
Insert into SYSTEM.INVOICE_VIEW (SALES_SUM_INVOICE_NO,SALES_SUM_CUS_CODE,SALES_SUM_DDATE,SALES_SUM_SALES_TYPE,SALES_SUM_TOTAL_AMOUNT,SALES_SUM_DISCOUNT,SALES_SUM_NET_AMOUNT,SALES_SUM_CASH,SALES_SUM_CHEQUES,SALES_SUM_CREDITCARD,SALES_SUM_CREDIT,SALES_DETAILS_SPRICE,SALES_DETAILS_QTY,SALES_DETAILS_TOTAL,SALES_DETAILS_DISCOUNT,SALES_DETAILS_NET_AMOUNT,SALES_DETAILS_ITEMCODE,CUSTOMER_CUS_NAME,CHEQUES_CHEQUENO,CHEQUES_BDATE,CHEQUES_BANK,CHEQUES_BBRANCH,CHEQUES_AMOUNT,CREDITCARD_AMOUNT,CREDITCARD_CARDNO,ITEMS_NAME,ITEMS_CAT_CODE,SALES_SUM_SAS_NO,SAS_SAS_NO,SAS_DESCRIPTION,SAS_ADDRESS,SAS_TELNO,SAS_WEB,SAS_FAX,CUSTOMER_ADDRESS,CUSTOMER_CONTACT_NO,INVOICENO) values (386,'01',to_date('09-JUN-15','DD-MON-RR'),1,6500,0,6500,6500,0,0,0,6500,1,6500,0,6500,41,'Kamal Perera',null,null,null,null,null,null,null,'KAMI TABLE',1,1,1,'Sri Lanka Furniture Pvt (ltd)','Galigamuwa','05528754215','srilankafurniture.lk','05528754215','Colombo','0785854525',386);
Insert into SYSTEM.INVOICE_VIEW (SALES_SUM_INVOICE_NO,SALES_SUM_CUS_CODE,SALES_SUM_DDATE,SALES_SUM_SALES_TYPE,SALES_SUM_TOTAL_AMOUNT,SALES_SUM_DISCOUNT,SALES_SUM_NET_AMOUNT,SALES_SUM_CASH,SALES_SUM_CHEQUES,SALES_SUM_CREDITCARD,SALES_SUM_CREDIT,SALES_DETAILS_SPRICE,SALES_DETAILS_QTY,SALES_DETAILS_TOTAL,SALES_DETAILS_DISCOUNT,SALES_DETAILS_NET_AMOUNT,SALES_DETAILS_ITEMCODE,CUSTOMER_CUS_NAME,CHEQUES_CHEQUENO,CHEQUES_BDATE,CHEQUES_BANK,CHEQUES_BBRANCH,CHEQUES_AMOUNT,CREDITCARD_AMOUNT,CREDITCARD_CARDNO,ITEMS_NAME,ITEMS_CAT_CODE,SALES_SUM_SAS_NO,SAS_SAS_NO,SAS_DESCRIPTION,SAS_ADDRESS,SAS_TELNO,SAS_WEB,SAS_FAX,CUSTOMER_ADDRESS,CUSTOMER_CONTACT_NO,INVOICENO) values (390,'01',to_date('09-JUN-15','DD-MON-RR'),1,32500,0,32500,32500,0,0,0,6500,5,32500,0,32500,50,'Kamal Perera',null,null,null,null,null,null,null,'CLIP SIDE TABLE',1,1,1,'Sri Lanka Furniture Pvt (ltd)','Galigamuwa','05528754215','srilankafurniture.lk','05528754215','Colombo','0785854525',390);
Insert into SYSTEM.INVOICE_VIEW (SALES_SUM_INVOICE_NO,SALES_SUM_CUS_CODE,SALES_SUM_DDATE,SALES_SUM_SALES_TYPE,SALES_SUM_TOTAL_AMOUNT,SALES_SUM_DISCOUNT,SALES_SUM_NET_AMOUNT,SALES_SUM_CASH,SALES_SUM_CHEQUES,SALES_SUM_CREDITCARD,SALES_SUM_CREDIT,SALES_DETAILS_SPRICE,SALES_DETAILS_QTY,SALES_DETAILS_TOTAL,SALES_DETAILS_DISCOUNT,SALES_DETAILS_NET_AMOUNT,SALES_DETAILS_ITEMCODE,CUSTOMER_CUS_NAME,CHEQUES_CHEQUENO,CHEQUES_BDATE,CHEQUES_BANK,CHEQUES_BBRANCH,CHEQUES_AMOUNT,CREDITCARD_AMOUNT,CREDITCARD_CARDNO,ITEMS_NAME,ITEMS_CAT_CODE,SALES_SUM_SAS_NO,SAS_SAS_NO,SAS_DESCRIPTION,SAS_ADDRESS,SAS_TELNO,SAS_WEB,SAS_FAX,CUSTOMER_ADDRESS,CUSTOMER_CONTACT_NO,INVOICENO) values (391,'01',to_date('09-JUN-15','DD-MON-RR'),1,13000,0,13000,13000,0,0,0,6500,2,13000,0,13000,50,'Kamal Perera',null,null,null,null,null,null,null,'CLIP SIDE TABLE',1,1,1,'Sri Lanka Furniture Pvt (ltd)','Galigamuwa','05528754215','srilankafurniture.lk','05528754215','Colombo','0785854525',391);
Insert into SYSTEM.INVOICE_VIEW (SALES_SUM_INVOICE_NO,SALES_SUM_CUS_CODE,SALES_SUM_DDATE,SALES_SUM_SALES_TYPE,SALES_SUM_TOTAL_AMOUNT,SALES_SUM_DISCOUNT,SALES_SUM_NET_AMOUNT,SALES_SUM_CASH,SALES_SUM_CHEQUES,SALES_SUM_CREDITCARD,SALES_SUM_CREDIT,SALES_DETAILS_SPRICE,SALES_DETAILS_QTY,SALES_DETAILS_TOTAL,SALES_DETAILS_DISCOUNT,SALES_DETAILS_NET_AMOUNT,SALES_DETAILS_ITEMCODE,CUSTOMER_CUS_NAME,CHEQUES_CHEQUENO,CHEQUES_BDATE,CHEQUES_BANK,CHEQUES_BBRANCH,CHEQUES_AMOUNT,CREDITCARD_AMOUNT,CREDITCARD_CARDNO,ITEMS_NAME,ITEMS_CAT_CODE,SALES_SUM_SAS_NO,SAS_SAS_NO,SAS_DESCRIPTION,SAS_ADDRESS,SAS_TELNO,SAS_WEB,SAS_FAX,CUSTOMER_ADDRESS,CUSTOMER_CONTACT_NO,INVOICENO) values (401,'wer234',to_date('15-JUN-15','DD-MON-RR'),1,38000,0,38000,38000,0,0,0,2500,3,7500,0,38000,61,'Samantha Wijebandara',null,null,null,null,null,null,null,'POCKET CHAIR',81,1,1,'Sri Lanka Furniture Pvt (ltd)','Galigamuwa','05528754215','srilankafurniture.lk','05528754215','colombo 3','0112556655',401);
Insert into SYSTEM.INVOICE_VIEW (SALES_SUM_INVOICE_NO,SALES_SUM_CUS_CODE,SALES_SUM_DDATE,SALES_SUM_SALES_TYPE,SALES_SUM_TOTAL_AMOUNT,SALES_SUM_DISCOUNT,SALES_SUM_NET_AMOUNT,SALES_SUM_CASH,SALES_SUM_CHEQUES,SALES_SUM_CREDITCARD,SALES_SUM_CREDIT,SALES_DETAILS_SPRICE,SALES_DETAILS_QTY,SALES_DETAILS_TOTAL,SALES_DETAILS_DISCOUNT,SALES_DETAILS_NET_AMOUNT,SALES_DETAILS_ITEMCODE,CUSTOMER_CUS_NAME,CHEQUES_CHEQUENO,CHEQUES_BDATE,CHEQUES_BANK,CHEQUES_BBRANCH,CHEQUES_AMOUNT,CREDITCARD_AMOUNT,CREDITCARD_CARDNO,ITEMS_NAME,ITEMS_CAT_CODE,SALES_SUM_SAS_NO,SAS_SAS_NO,SAS_DESCRIPTION,SAS_ADDRESS,SAS_TELNO,SAS_WEB,SAS_FAX,CUSTOMER_ADDRESS,CUSTOMER_CONTACT_NO,INVOICENO) values (401,'wer234',to_date('15-JUN-15','DD-MON-RR'),1,38000,0,38000,38000,0,0,0,3250,5,16250,0,38000,64,'Samantha Wijebandara',null,null,null,null,null,null,null,'DRIFTED STOOL',81,1,1,'Sri Lanka Furniture Pvt (ltd)','Galigamuwa','05528754215','srilankafurniture.lk','05528754215','colombo 3','0112556655',401);
Insert into SYSTEM.INVOICE_VIEW (SALES_SUM_INVOICE_NO,SALES_SUM_CUS_CODE,SALES_SUM_DDATE,SALES_SUM_SALES_TYPE,SALES_SUM_TOTAL_AMOUNT,SALES_SUM_DISCOUNT,SALES_SUM_NET_AMOUNT,SALES_SUM_CASH,SALES_SUM_CHEQUES,SALES_SUM_CREDITCARD,SALES_SUM_CREDIT,SALES_DETAILS_SPRICE,SALES_DETAILS_QTY,SALES_DETAILS_TOTAL,SALES_DETAILS_DISCOUNT,SALES_DETAILS_NET_AMOUNT,SALES_DETAILS_ITEMCODE,CUSTOMER_CUS_NAME,CHEQUES_CHEQUENO,CHEQUES_BDATE,CHEQUES_BANK,CHEQUES_BBRANCH,CHEQUES_AMOUNT,CREDITCARD_AMOUNT,CREDITCARD_CARDNO,ITEMS_NAME,ITEMS_CAT_CODE,SALES_SUM_SAS_NO,SAS_SAS_NO,SAS_DESCRIPTION,SAS_ADDRESS,SAS_TELNO,SAS_WEB,SAS_FAX,CUSTOMER_ADDRESS,CUSTOMER_CONTACT_NO,INVOICENO) values (401,'wer234',to_date('15-JUN-15','DD-MON-RR'),1,38000,0,38000,38000,0,0,0,3000,1,3000,0,38000,62,'Samantha Wijebandara',null,null,null,null,null,null,null,'SILA CHAIR',81,1,1,'Sri Lanka Furniture Pvt (ltd)','Galigamuwa','05528754215','srilankafurniture.lk','05528754215','colombo 3','0112556655',401);
Insert into SYSTEM.INVOICE_VIEW (SALES_SUM_INVOICE_NO,SALES_SUM_CUS_CODE,SALES_SUM_DDATE,SALES_SUM_SALES_TYPE,SALES_SUM_TOTAL_AMOUNT,SALES_SUM_DISCOUNT,SALES_SUM_NET_AMOUNT,SALES_SUM_CASH,SALES_SUM_CHEQUES,SALES_SUM_CREDITCARD,SALES_SUM_CREDIT,SALES_DETAILS_SPRICE,SALES_DETAILS_QTY,SALES_DETAILS_TOTAL,SALES_DETAILS_DISCOUNT,SALES_DETAILS_NET_AMOUNT,SALES_DETAILS_ITEMCODE,CUSTOMER_CUS_NAME,CHEQUES_CHEQUENO,CHEQUES_BDATE,CHEQUES_BANK,CHEQUES_BBRANCH,CHEQUES_AMOUNT,CREDITCARD_AMOUNT,CREDITCARD_CARDNO,ITEMS_NAME,ITEMS_CAT_CODE,SALES_SUM_SAS_NO,SAS_SAS_NO,SAS_DESCRIPTION,SAS_ADDRESS,SAS_TELNO,SAS_WEB,SAS_FAX,CUSTOMER_ADDRESS,CUSTOMER_CONTACT_NO,INVOICENO) values (401,'wer234',to_date('15-JUN-15','DD-MON-RR'),1,38000,0,38000,38000,0,0,0,6500,1,6500,0,38000,50,'Samantha Wijebandara',null,null,null,null,null,null,null,'CLIP SIDE TABLE',1,1,1,'Sri Lanka Furniture Pvt (ltd)','Galigamuwa','05528754215','srilankafurniture.lk','05528754215','colombo 3','0112556655',401);
Insert into SYSTEM.INVOICE_VIEW (SALES_SUM_INVOICE_NO,SALES_SUM_CUS_CODE,SALES_SUM_DDATE,SALES_SUM_SALES_TYPE,SALES_SUM_TOTAL_AMOUNT,SALES_SUM_DISCOUNT,SALES_SUM_NET_AMOUNT,SALES_SUM_CASH,SALES_SUM_CHEQUES,SALES_SUM_CREDITCARD,SALES_SUM_CREDIT,SALES_DETAILS_SPRICE,SALES_DETAILS_QTY,SALES_DETAILS_TOTAL,SALES_DETAILS_DISCOUNT,SALES_DETAILS_NET_AMOUNT,SALES_DETAILS_ITEMCODE,CUSTOMER_CUS_NAME,CHEQUES_CHEQUENO,CHEQUES_BDATE,CHEQUES_BANK,CHEQUES_BBRANCH,CHEQUES_AMOUNT,CREDITCARD_AMOUNT,CREDITCARD_CARDNO,ITEMS_NAME,ITEMS_CAT_CODE,SALES_SUM_SAS_NO,SAS_SAS_NO,SAS_DESCRIPTION,SAS_ADDRESS,SAS_TELNO,SAS_WEB,SAS_FAX,CUSTOMER_ADDRESS,CUSTOMER_CONTACT_NO,INVOICENO) values (401,'wer234',to_date('15-JUN-15','DD-MON-RR'),1,38000,0,38000,38000,0,0,0,2500,2,5000,0,38000,68,'Samantha Wijebandara',null,null,null,null,null,null,null,'CENTANNI',81,1,1,'Sri Lanka Furniture Pvt (ltd)','Galigamuwa','05528754215','srilankafurniture.lk','05528754215','colombo 3','0112556655',401);
Insert into SYSTEM.INVOICE_VIEW (SALES_SUM_INVOICE_NO,SALES_SUM_CUS_CODE,SALES_SUM_DDATE,SALES_SUM_SALES_TYPE,SALES_SUM_TOTAL_AMOUNT,SALES_SUM_DISCOUNT,SALES_SUM_NET_AMOUNT,SALES_SUM_CASH,SALES_SUM_CHEQUES,SALES_SUM_CREDITCARD,SALES_SUM_CREDIT,SALES_DETAILS_SPRICE,SALES_DETAILS_QTY,SALES_DETAILS_TOTAL,SALES_DETAILS_DISCOUNT,SALES_DETAILS_NET_AMOUNT,SALES_DETAILS_ITEMCODE,CUSTOMER_CUS_NAME,CHEQUES_CHEQUENO,CHEQUES_BDATE,CHEQUES_BANK,CHEQUES_BBRANCH,CHEQUES_AMOUNT,CREDITCARD_AMOUNT,CREDITCARD_CARDNO,ITEMS_NAME,ITEMS_CAT_CODE,SALES_SUM_SAS_NO,SAS_SAS_NO,SAS_DESCRIPTION,SAS_ADDRESS,SAS_TELNO,SAS_WEB,SAS_FAX,CUSTOMER_ADDRESS,CUSTOMER_CONTACT_NO,INVOICENO) values (402,'13',to_date('15-JUN-15','DD-MON-RR'),1,12000,0,12000,12000,0,0,0,3250,1,3250,0,12000,64,'Anil Buddhika',null,null,null,null,null,null,null,'DRIFTED STOOL',81,1,1,'Sri Lanka Furniture Pvt (ltd)','Galigamuwa','05528754215','srilankafurniture.lk','05528754215','Colombo 5 ','0785854525',402);
Insert into SYSTEM.INVOICE_VIEW (SALES_SUM_INVOICE_NO,SALES_SUM_CUS_CODE,SALES_SUM_DDATE,SALES_SUM_SALES_TYPE,SALES_SUM_TOTAL_AMOUNT,SALES_SUM_DISCOUNT,SALES_SUM_NET_AMOUNT,SALES_SUM_CASH,SALES_SUM_CHEQUES,SALES_SUM_CREDITCARD,SALES_SUM_CREDIT,SALES_DETAILS_SPRICE,SALES_DETAILS_QTY,SALES_DETAILS_TOTAL,SALES_DETAILS_DISCOUNT,SALES_DETAILS_NET_AMOUNT,SALES_DETAILS_ITEMCODE,CUSTOMER_CUS_NAME,CHEQUES_CHEQUENO,CHEQUES_BDATE,CHEQUES_BANK,CHEQUES_BBRANCH,CHEQUES_AMOUNT,CREDITCARD_AMOUNT,CREDITCARD_CARDNO,ITEMS_NAME,ITEMS_CAT_CODE,SALES_SUM_SAS_NO,SAS_SAS_NO,SAS_DESCRIPTION,SAS_ADDRESS,SAS_TELNO,SAS_WEB,SAS_FAX,CUSTOMER_ADDRESS,CUSTOMER_CONTACT_NO,INVOICENO) values (402,'13',to_date('15-JUN-15','DD-MON-RR'),1,12000,0,12000,12000,0,0,0,2500,1,2500,0,12000,61,'Anil Buddhika',null,null,null,null,null,null,null,'POCKET CHAIR',81,1,1,'Sri Lanka Furniture Pvt (ltd)','Galigamuwa','05528754215','srilankafurniture.lk','05528754215','Colombo 5 ','0785854525',402);
Insert into SYSTEM.INVOICE_VIEW (SALES_SUM_INVOICE_NO,SALES_SUM_CUS_CODE,SALES_SUM_DDATE,SALES_SUM_SALES_TYPE,SALES_SUM_TOTAL_AMOUNT,SALES_SUM_DISCOUNT,SALES_SUM_NET_AMOUNT,SALES_SUM_CASH,SALES_SUM_CHEQUES,SALES_SUM_CREDITCARD,SALES_SUM_CREDIT,SALES_DETAILS_SPRICE,SALES_DETAILS_QTY,SALES_DETAILS_TOTAL,SALES_DETAILS_DISCOUNT,SALES_DETAILS_NET_AMOUNT,SALES_DETAILS_ITEMCODE,CUSTOMER_CUS_NAME,CHEQUES_CHEQUENO,CHEQUES_BDATE,CHEQUES_BANK,CHEQUES_BBRANCH,CHEQUES_AMOUNT,CREDITCARD_AMOUNT,CREDITCARD_CARDNO,ITEMS_NAME,ITEMS_CAT_CODE,SALES_SUM_SAS_NO,SAS_SAS_NO,SAS_DESCRIPTION,SAS_ADDRESS,SAS_TELNO,SAS_WEB,SAS_FAX,CUSTOMER_ADDRESS,CUSTOMER_CONTACT_NO,INVOICENO) values (402,'13',to_date('15-JUN-15','DD-MON-RR'),1,12000,0,12000,12000,0,0,0,6500,1,6500,0,12000,50,'Anil Buddhika',null,null,null,null,null,null,null,'CLIP SIDE TABLE',1,1,1,'Sri Lanka Furniture Pvt (ltd)','Galigamuwa','05528754215','srilankafurniture.lk','05528754215','Colombo 5 ','0785854525',402);
Insert into SYSTEM.INVOICE_VIEW (SALES_SUM_INVOICE_NO,SALES_SUM_CUS_CODE,SALES_SUM_DDATE,SALES_SUM_SALES_TYPE,SALES_SUM_TOTAL_AMOUNT,SALES_SUM_DISCOUNT,SALES_SUM_NET_AMOUNT,SALES_SUM_CASH,SALES_SUM_CHEQUES,SALES_SUM_CREDITCARD,SALES_SUM_CREDIT,SALES_DETAILS_SPRICE,SALES_DETAILS_QTY,SALES_DETAILS_TOTAL,SALES_DETAILS_DISCOUNT,SALES_DETAILS_NET_AMOUNT,SALES_DETAILS_ITEMCODE,CUSTOMER_CUS_NAME,CHEQUES_CHEQUENO,CHEQUES_BDATE,CHEQUES_BANK,CHEQUES_BBRANCH,CHEQUES_AMOUNT,CREDITCARD_AMOUNT,CREDITCARD_CARDNO,ITEMS_NAME,ITEMS_CAT_CODE,SALES_SUM_SAS_NO,SAS_SAS_NO,SAS_DESCRIPTION,SAS_ADDRESS,SAS_TELNO,SAS_WEB,SAS_FAX,CUSTOMER_ADDRESS,CUSTOMER_CONTACT_NO,INVOICENO) values (403,'13',to_date('15-JUN-15','DD-MON-RR'),1,8750,0,8750,8750,0,0,0,6500,1,6500,0,8750,50,'Anil Buddhika',null,null,null,null,null,null,null,'CLIP SIDE TABLE',1,1,1,'Sri Lanka Furniture Pvt (ltd)','Galigamuwa','05528754215','srilankafurniture.lk','05528754215','Colombo 5 ','0785854525',403);
Insert into SYSTEM.INVOICE_VIEW (SALES_SUM_INVOICE_NO,SALES_SUM_CUS_CODE,SALES_SUM_DDATE,SALES_SUM_SALES_TYPE,SALES_SUM_TOTAL_AMOUNT,SALES_SUM_DISCOUNT,SALES_SUM_NET_AMOUNT,SALES_SUM_CASH,SALES_SUM_CHEQUES,SALES_SUM_CREDITCARD,SALES_SUM_CREDIT,SALES_DETAILS_SPRICE,SALES_DETAILS_QTY,SALES_DETAILS_TOTAL,SALES_DETAILS_DISCOUNT,SALES_DETAILS_NET_AMOUNT,SALES_DETAILS_ITEMCODE,CUSTOMER_CUS_NAME,CHEQUES_CHEQUENO,CHEQUES_BDATE,CHEQUES_BANK,CHEQUES_BBRANCH,CHEQUES_AMOUNT,CREDITCARD_AMOUNT,CREDITCARD_CARDNO,ITEMS_NAME,ITEMS_CAT_CODE,SALES_SUM_SAS_NO,SAS_SAS_NO,SAS_DESCRIPTION,SAS_ADDRESS,SAS_TELNO,SAS_WEB,SAS_FAX,CUSTOMER_ADDRESS,CUSTOMER_CONTACT_NO,INVOICENO) values (403,'13',to_date('15-JUN-15','DD-MON-RR'),1,8750,0,8750,8750,0,0,0,2500,1,2500,0,8750,61,'Anil Buddhika',null,null,null,null,null,null,null,'POCKET CHAIR',81,1,1,'Sri Lanka Furniture Pvt (ltd)','Galigamuwa','05528754215','srilankafurniture.lk','05528754215','Colombo 5 ','0785854525',403);
Insert into SYSTEM.INVOICE_VIEW (SALES_SUM_INVOICE_NO,SALES_SUM_CUS_CODE,SALES_SUM_DDATE,SALES_SUM_SALES_TYPE,SALES_SUM_TOTAL_AMOUNT,SALES_SUM_DISCOUNT,SALES_SUM_NET_AMOUNT,SALES_SUM_CASH,SALES_SUM_CHEQUES,SALES_SUM_CREDITCARD,SALES_SUM_CREDIT,SALES_DETAILS_SPRICE,SALES_DETAILS_QTY,SALES_DETAILS_TOTAL,SALES_DETAILS_DISCOUNT,SALES_DETAILS_NET_AMOUNT,SALES_DETAILS_ITEMCODE,CUSTOMER_CUS_NAME,CHEQUES_CHEQUENO,CHEQUES_BDATE,CHEQUES_BANK,CHEQUES_BBRANCH,CHEQUES_AMOUNT,CREDITCARD_AMOUNT,CREDITCARD_CARDNO,ITEMS_NAME,ITEMS_CAT_CODE,SALES_SUM_SAS_NO,SAS_SAS_NO,SAS_DESCRIPTION,SAS_ADDRESS,SAS_TELNO,SAS_WEB,SAS_FAX,CUSTOMER_ADDRESS,CUSTOMER_CONTACT_NO,INVOICENO) values (404,'001',to_date('15-JUN-15','DD-MON-RR'),4,12350,0,12350,0,0,12350,0,6500,1,6500,0,12350,63,'Kamal Kumara',null,null,null,null,null,12350,'13215','SILA STOOL',81,1,1,'Sri Lanka Furniture Pvt (ltd)','Galigamuwa','05528754215','srilankafurniture.lk','05528754215','Colombo','0785874585',404);
Insert into SYSTEM.INVOICE_VIEW (SALES_SUM_INVOICE_NO,SALES_SUM_CUS_CODE,SALES_SUM_DDATE,SALES_SUM_SALES_TYPE,SALES_SUM_TOTAL_AMOUNT,SALES_SUM_DISCOUNT,SALES_SUM_NET_AMOUNT,SALES_SUM_CASH,SALES_SUM_CHEQUES,SALES_SUM_CREDITCARD,SALES_SUM_CREDIT,SALES_DETAILS_SPRICE,SALES_DETAILS_QTY,SALES_DETAILS_TOTAL,SALES_DETAILS_DISCOUNT,SALES_DETAILS_NET_AMOUNT,SALES_DETAILS_ITEMCODE,CUSTOMER_CUS_NAME,CHEQUES_CHEQUENO,CHEQUES_BDATE,CHEQUES_BANK,CHEQUES_BBRANCH,CHEQUES_AMOUNT,CREDITCARD_AMOUNT,CREDITCARD_CARDNO,ITEMS_NAME,ITEMS_CAT_CODE,SALES_SUM_SAS_NO,SAS_SAS_NO,SAS_DESCRIPTION,SAS_ADDRESS,SAS_TELNO,SAS_WEB,SAS_FAX,CUSTOMER_ADDRESS,CUSTOMER_CONTACT_NO,INVOICENO) values (404,'001',to_date('15-JUN-15','DD-MON-RR'),4,12350,0,12350,0,0,12350,0,3000,2,6000,150,12350,62,'Kamal Kumara',null,null,null,null,null,12350,'13215','SILA CHAIR',81,1,1,'Sri Lanka Furniture Pvt (ltd)','Galigamuwa','05528754215','srilankafurniture.lk','05528754215','Colombo','0785874585',404);
Insert into SYSTEM.INVOICE_VIEW (SALES_SUM_INVOICE_NO,SALES_SUM_CUS_CODE,SALES_SUM_DDATE,SALES_SUM_SALES_TYPE,SALES_SUM_TOTAL_AMOUNT,SALES_SUM_DISCOUNT,SALES_SUM_NET_AMOUNT,SALES_SUM_CASH,SALES_SUM_CHEQUES,SALES_SUM_CREDITCARD,SALES_SUM_CREDIT,SALES_DETAILS_SPRICE,SALES_DETAILS_QTY,SALES_DETAILS_TOTAL,SALES_DETAILS_DISCOUNT,SALES_DETAILS_NET_AMOUNT,SALES_DETAILS_ITEMCODE,CUSTOMER_CUS_NAME,CHEQUES_CHEQUENO,CHEQUES_BDATE,CHEQUES_BANK,CHEQUES_BBRANCH,CHEQUES_AMOUNT,CREDITCARD_AMOUNT,CREDITCARD_CARDNO,ITEMS_NAME,ITEMS_CAT_CODE,SALES_SUM_SAS_NO,SAS_SAS_NO,SAS_DESCRIPTION,SAS_ADDRESS,SAS_TELNO,SAS_WEB,SAS_FAX,CUSTOMER_ADDRESS,CUSTOMER_CONTACT_NO,INVOICENO) values (405,'01',to_date('15-JUN-15','DD-MON-RR'),5,29100,0,29100,10000,2500,6600,10000,6500,2,13000,500,29100,63,'Kamal Perera','54564645',null,'BOC','Kurunegala',2500,6600,'56465','SILA STOOL',81,1,1,'Sri Lanka Furniture Pvt (ltd)','Galigamuwa','05528754215','srilankafurniture.lk','05528754215','Colombo','0785854525',405);
Insert into SYSTEM.INVOICE_VIEW (SALES_SUM_INVOICE_NO,SALES_SUM_CUS_CODE,SALES_SUM_DDATE,SALES_SUM_SALES_TYPE,SALES_SUM_TOTAL_AMOUNT,SALES_SUM_DISCOUNT,SALES_SUM_NET_AMOUNT,SALES_SUM_CASH,SALES_SUM_CHEQUES,SALES_SUM_CREDITCARD,SALES_SUM_CREDIT,SALES_DETAILS_SPRICE,SALES_DETAILS_QTY,SALES_DETAILS_TOTAL,SALES_DETAILS_DISCOUNT,SALES_DETAILS_NET_AMOUNT,SALES_DETAILS_ITEMCODE,CUSTOMER_CUS_NAME,CHEQUES_CHEQUENO,CHEQUES_BDATE,CHEQUES_BANK,CHEQUES_BBRANCH,CHEQUES_AMOUNT,CREDITCARD_AMOUNT,CREDITCARD_CARDNO,ITEMS_NAME,ITEMS_CAT_CODE,SALES_SUM_SAS_NO,SAS_SAS_NO,SAS_DESCRIPTION,SAS_ADDRESS,SAS_TELNO,SAS_WEB,SAS_FAX,CUSTOMER_ADDRESS,CUSTOMER_CONTACT_NO,INVOICENO) values (405,'01',to_date('15-JUN-15','DD-MON-RR'),5,29100,0,29100,10000,2500,6600,10000,6500,2,13000,0,29100,41,'Kamal Perera','54564645',null,'BOC','Kurunegala',2500,6600,'56465','KAMI TABLE',1,1,1,'Sri Lanka Furniture Pvt (ltd)','Galigamuwa','05528754215','srilankafurniture.lk','05528754215','Colombo','0785854525',405);
Insert into SYSTEM.INVOICE_VIEW (SALES_SUM_INVOICE_NO,SALES_SUM_CUS_CODE,SALES_SUM_DDATE,SALES_SUM_SALES_TYPE,SALES_SUM_TOTAL_AMOUNT,SALES_SUM_DISCOUNT,SALES_SUM_NET_AMOUNT,SALES_SUM_CASH,SALES_SUM_CHEQUES,SALES_SUM_CREDITCARD,SALES_SUM_CREDIT,SALES_DETAILS_SPRICE,SALES_DETAILS_QTY,SALES_DETAILS_TOTAL,SALES_DETAILS_DISCOUNT,SALES_DETAILS_NET_AMOUNT,SALES_DETAILS_ITEMCODE,CUSTOMER_CUS_NAME,CHEQUES_CHEQUENO,CHEQUES_BDATE,CHEQUES_BANK,CHEQUES_BBRANCH,CHEQUES_AMOUNT,CREDITCARD_AMOUNT,CREDITCARD_CARDNO,ITEMS_NAME,ITEMS_CAT_CODE,SALES_SUM_SAS_NO,SAS_SAS_NO,SAS_DESCRIPTION,SAS_ADDRESS,SAS_TELNO,SAS_WEB,SAS_FAX,CUSTOMER_ADDRESS,CUSTOMER_CONTACT_NO,INVOICENO) values (405,'01',to_date('15-JUN-15','DD-MON-RR'),5,29100,0,29100,10000,2500,6600,10000,3150,1,3150,0,29100,65,'Kamal Perera','54564645',null,'BOC','Kurunegala',2500,6600,'56465','TWO TONE ARMCHAIR',81,1,1,'Sri Lanka Furniture Pvt (ltd)','Galigamuwa','05528754215','srilankafurniture.lk','05528754215','Colombo','0785854525',405);
Insert into SYSTEM.INVOICE_VIEW (SALES_SUM_INVOICE_NO,SALES_SUM_CUS_CODE,SALES_SUM_DDATE,SALES_SUM_SALES_TYPE,SALES_SUM_TOTAL_AMOUNT,SALES_SUM_DISCOUNT,SALES_SUM_NET_AMOUNT,SALES_SUM_CASH,SALES_SUM_CHEQUES,SALES_SUM_CREDITCARD,SALES_SUM_CREDIT,SALES_DETAILS_SPRICE,SALES_DETAILS_QTY,SALES_DETAILS_TOTAL,SALES_DETAILS_DISCOUNT,SALES_DETAILS_NET_AMOUNT,SALES_DETAILS_ITEMCODE,CUSTOMER_CUS_NAME,CHEQUES_CHEQUENO,CHEQUES_BDATE,CHEQUES_BANK,CHEQUES_BBRANCH,CHEQUES_AMOUNT,CREDITCARD_AMOUNT,CREDITCARD_CARDNO,ITEMS_NAME,ITEMS_CAT_CODE,SALES_SUM_SAS_NO,SAS_SAS_NO,SAS_DESCRIPTION,SAS_ADDRESS,SAS_TELNO,SAS_WEB,SAS_FAX,CUSTOMER_ADDRESS,CUSTOMER_CONTACT_NO,INVOICENO) values (421,'01',to_date('16-JUN-15','DD-MON-RR'),1,11500,0,11500,11500,0,0,0,2500,2,5000,0,11500,61,'Kamal Perera',null,null,null,null,null,null,null,'POCKET CHAIR',81,1,1,'Sri Lanka Furniture Pvt (ltd)','Galigamuwa','05528754215','srilankafurniture.lk','05528754215','Colombo','0785854525',421);
Insert into SYSTEM.INVOICE_VIEW (SALES_SUM_INVOICE_NO,SALES_SUM_CUS_CODE,SALES_SUM_DDATE,SALES_SUM_SALES_TYPE,SALES_SUM_TOTAL_AMOUNT,SALES_SUM_DISCOUNT,SALES_SUM_NET_AMOUNT,SALES_SUM_CASH,SALES_SUM_CHEQUES,SALES_SUM_CREDITCARD,SALES_SUM_CREDIT,SALES_DETAILS_SPRICE,SALES_DETAILS_QTY,SALES_DETAILS_TOTAL,SALES_DETAILS_DISCOUNT,SALES_DETAILS_NET_AMOUNT,SALES_DETAILS_ITEMCODE,CUSTOMER_CUS_NAME,CHEQUES_CHEQUENO,CHEQUES_BDATE,CHEQUES_BANK,CHEQUES_BBRANCH,CHEQUES_AMOUNT,CREDITCARD_AMOUNT,CREDITCARD_CARDNO,ITEMS_NAME,ITEMS_CAT_CODE,SALES_SUM_SAS_NO,SAS_SAS_NO,SAS_DESCRIPTION,SAS_ADDRESS,SAS_TELNO,SAS_WEB,SAS_FAX,CUSTOMER_ADDRESS,CUSTOMER_CONTACT_NO,INVOICENO) values (421,'01',to_date('16-JUN-15','DD-MON-RR'),1,11500,0,11500,11500,0,0,0,6500,1,6500,0,11500,41,'Kamal Perera',null,null,null,null,null,null,null,'KAMI TABLE',1,1,1,'Sri Lanka Furniture Pvt (ltd)','Galigamuwa','05528754215','srilankafurniture.lk','05528754215','Colombo','0785854525',421);
Insert into SYSTEM.INVOICE_VIEW (SALES_SUM_INVOICE_NO,SALES_SUM_CUS_CODE,SALES_SUM_DDATE,SALES_SUM_SALES_TYPE,SALES_SUM_TOTAL_AMOUNT,SALES_SUM_DISCOUNT,SALES_SUM_NET_AMOUNT,SALES_SUM_CASH,SALES_SUM_CHEQUES,SALES_SUM_CREDITCARD,SALES_SUM_CREDIT,SALES_DETAILS_SPRICE,SALES_DETAILS_QTY,SALES_DETAILS_TOTAL,SALES_DETAILS_DISCOUNT,SALES_DETAILS_NET_AMOUNT,SALES_DETAILS_ITEMCODE,CUSTOMER_CUS_NAME,CHEQUES_CHEQUENO,CHEQUES_BDATE,CHEQUES_BANK,CHEQUES_BBRANCH,CHEQUES_AMOUNT,CREDITCARD_AMOUNT,CREDITCARD_CARDNO,ITEMS_NAME,ITEMS_CAT_CODE,SALES_SUM_SAS_NO,SAS_SAS_NO,SAS_DESCRIPTION,SAS_ADDRESS,SAS_TELNO,SAS_WEB,SAS_FAX,CUSTOMER_ADDRESS,CUSTOMER_CONTACT_NO,INVOICENO) values (441,'001',to_date('12-JUL-15','DD-MON-RR'),5,84140,0,84140,55640,2500,25000,1000,6500,5,32500,10,84140,50,'Kamal Kumara','6545644',null,'ter','re',2500,25000,'65','CLIP SIDE TABLE',1,1,1,'Sri Lanka Furniture Pvt (ltd)','Galigamuwa','05528754215','srilankafurniture.lk','05528754215','Colombo','0785874585',441);
Insert into SYSTEM.INVOICE_VIEW (SALES_SUM_INVOICE_NO,SALES_SUM_CUS_CODE,SALES_SUM_DDATE,SALES_SUM_SALES_TYPE,SALES_SUM_TOTAL_AMOUNT,SALES_SUM_DISCOUNT,SALES_SUM_NET_AMOUNT,SALES_SUM_CASH,SALES_SUM_CHEQUES,SALES_SUM_CREDITCARD,SALES_SUM_CREDIT,SALES_DETAILS_SPRICE,SALES_DETAILS_QTY,SALES_DETAILS_TOTAL,SALES_DETAILS_DISCOUNT,SALES_DETAILS_NET_AMOUNT,SALES_DETAILS_ITEMCODE,CUSTOMER_CUS_NAME,CHEQUES_CHEQUENO,CHEQUES_BDATE,CHEQUES_BANK,CHEQUES_BBRANCH,CHEQUES_AMOUNT,CREDITCARD_AMOUNT,CREDITCARD_CARDNO,ITEMS_NAME,ITEMS_CAT_CODE,SALES_SUM_SAS_NO,SAS_SAS_NO,SAS_DESCRIPTION,SAS_ADDRESS,SAS_TELNO,SAS_WEB,SAS_FAX,CUSTOMER_ADDRESS,CUSTOMER_CONTACT_NO,INVOICENO) values (441,'001',to_date('12-JUL-15','DD-MON-RR'),5,84140,0,84140,55640,2500,25000,1000,6580,5,32900,0,84140,66,'Kamal Kumara','6545644',null,'ter','re',2500,25000,'65','BRIDGE BENCH',81,1,1,'Sri Lanka Furniture Pvt (ltd)','Galigamuwa','05528754215','srilankafurniture.lk','05528754215','Colombo','0785874585',441);
Insert into SYSTEM.INVOICE_VIEW (SALES_SUM_INVOICE_NO,SALES_SUM_CUS_CODE,SALES_SUM_DDATE,SALES_SUM_SALES_TYPE,SALES_SUM_TOTAL_AMOUNT,SALES_SUM_DISCOUNT,SALES_SUM_NET_AMOUNT,SALES_SUM_CASH,SALES_SUM_CHEQUES,SALES_SUM_CREDITCARD,SALES_SUM_CREDIT,SALES_DETAILS_SPRICE,SALES_DETAILS_QTY,SALES_DETAILS_TOTAL,SALES_DETAILS_DISCOUNT,SALES_DETAILS_NET_AMOUNT,SALES_DETAILS_ITEMCODE,CUSTOMER_CUS_NAME,CHEQUES_CHEQUENO,CHEQUES_BDATE,CHEQUES_BANK,CHEQUES_BBRANCH,CHEQUES_AMOUNT,CREDITCARD_AMOUNT,CREDITCARD_CARDNO,ITEMS_NAME,ITEMS_CAT_CODE,SALES_SUM_SAS_NO,SAS_SAS_NO,SAS_DESCRIPTION,SAS_ADDRESS,SAS_TELNO,SAS_WEB,SAS_FAX,CUSTOMER_ADDRESS,CUSTOMER_CONTACT_NO,INVOICENO) values (441,'001',to_date('12-JUL-15','DD-MON-RR'),5,84140,0,84140,55640,2500,25000,1000,3250,5,16250,0,84140,64,'Kamal Kumara','6545644',null,'ter','re',2500,25000,'65','DRIFTED STOOL',81,1,1,'Sri Lanka Furniture Pvt (ltd)','Galigamuwa','05528754215','srilankafurniture.lk','05528754215','Colombo','0785874585',441);
Insert into SYSTEM.INVOICE_VIEW (SALES_SUM_INVOICE_NO,SALES_SUM_CUS_CODE,SALES_SUM_DDATE,SALES_SUM_SALES_TYPE,SALES_SUM_TOTAL_AMOUNT,SALES_SUM_DISCOUNT,SALES_SUM_NET_AMOUNT,SALES_SUM_CASH,SALES_SUM_CHEQUES,SALES_SUM_CREDITCARD,SALES_SUM_CREDIT,SALES_DETAILS_SPRICE,SALES_DETAILS_QTY,SALES_DETAILS_TOTAL,SALES_DETAILS_DISCOUNT,SALES_DETAILS_NET_AMOUNT,SALES_DETAILS_ITEMCODE,CUSTOMER_CUS_NAME,CHEQUES_CHEQUENO,CHEQUES_BDATE,CHEQUES_BANK,CHEQUES_BBRANCH,CHEQUES_AMOUNT,CREDITCARD_AMOUNT,CREDITCARD_CARDNO,ITEMS_NAME,ITEMS_CAT_CODE,SALES_SUM_SAS_NO,SAS_SAS_NO,SAS_DESCRIPTION,SAS_ADDRESS,SAS_TELNO,SAS_WEB,SAS_FAX,CUSTOMER_ADDRESS,CUSTOMER_CONTACT_NO,INVOICENO) values (441,'001',to_date('12-JUL-15','DD-MON-RR'),5,84140,0,84140,55640,2500,25000,1000,2500,1,2500,0,84140,61,'Kamal Kumara','6545644',null,'ter','re',2500,25000,'65','POCKET CHAIR',81,1,1,'Sri Lanka Furniture Pvt (ltd)','Galigamuwa','05528754215','srilankafurniture.lk','05528754215','Colombo','0785874585',441);
Insert into SYSTEM.INVOICE_VIEW (SALES_SUM_INVOICE_NO,SALES_SUM_CUS_CODE,SALES_SUM_DDATE,SALES_SUM_SALES_TYPE,SALES_SUM_TOTAL_AMOUNT,SALES_SUM_DISCOUNT,SALES_SUM_NET_AMOUNT,SALES_SUM_CASH,SALES_SUM_CHEQUES,SALES_SUM_CREDITCARD,SALES_SUM_CREDIT,SALES_DETAILS_SPRICE,SALES_DETAILS_QTY,SALES_DETAILS_TOTAL,SALES_DETAILS_DISCOUNT,SALES_DETAILS_NET_AMOUNT,SALES_DETAILS_ITEMCODE,CUSTOMER_CUS_NAME,CHEQUES_CHEQUENO,CHEQUES_BDATE,CHEQUES_BANK,CHEQUES_BBRANCH,CHEQUES_AMOUNT,CREDITCARD_AMOUNT,CREDITCARD_CARDNO,ITEMS_NAME,ITEMS_CAT_CODE,SALES_SUM_SAS_NO,SAS_SAS_NO,SAS_DESCRIPTION,SAS_ADDRESS,SAS_TELNO,SAS_WEB,SAS_FAX,CUSTOMER_ADDRESS,CUSTOMER_CONTACT_NO,INVOICENO) values (461,'CASH',to_date('17-AUG-15','DD-MON-RR'),5,18660,0,18660,9000,8000,1000,660,6580,2,13160,0,18660,66,'CASH','013132132',null,'BOC','Kandy',8000,1000,'131321321','BRIDGE BENCH',81,1,1,'Sri Lanka Furniture Pvt (ltd)','Galigamuwa','05528754215','srilankafurniture.lk','05528754215',' ','0987548758',461);
Insert into SYSTEM.INVOICE_VIEW (SALES_SUM_INVOICE_NO,SALES_SUM_CUS_CODE,SALES_SUM_DDATE,SALES_SUM_SALES_TYPE,SALES_SUM_TOTAL_AMOUNT,SALES_SUM_DISCOUNT,SALES_SUM_NET_AMOUNT,SALES_SUM_CASH,SALES_SUM_CHEQUES,SALES_SUM_CREDITCARD,SALES_SUM_CREDIT,SALES_DETAILS_SPRICE,SALES_DETAILS_QTY,SALES_DETAILS_TOTAL,SALES_DETAILS_DISCOUNT,SALES_DETAILS_NET_AMOUNT,SALES_DETAILS_ITEMCODE,CUSTOMER_CUS_NAME,CHEQUES_CHEQUENO,CHEQUES_BDATE,CHEQUES_BANK,CHEQUES_BBRANCH,CHEQUES_AMOUNT,CREDITCARD_AMOUNT,CREDITCARD_CARDNO,ITEMS_NAME,ITEMS_CAT_CODE,SALES_SUM_SAS_NO,SAS_SAS_NO,SAS_DESCRIPTION,SAS_ADDRESS,SAS_TELNO,SAS_WEB,SAS_FAX,CUSTOMER_ADDRESS,CUSTOMER_CONTACT_NO,INVOICENO) values (461,'CASH',to_date('17-AUG-15','DD-MON-RR'),5,18660,0,18660,9000,8000,1000,660,2500,1,2500,0,18660,61,'CASH','013132132',null,'BOC','Kandy',8000,1000,'131321321','POCKET CHAIR',81,1,1,'Sri Lanka Furniture Pvt (ltd)','Galigamuwa','05528754215','srilankafurniture.lk','05528754215',' ','0987548758',461);
Insert into SYSTEM.INVOICE_VIEW (SALES_SUM_INVOICE_NO,SALES_SUM_CUS_CODE,SALES_SUM_DDATE,SALES_SUM_SALES_TYPE,SALES_SUM_TOTAL_AMOUNT,SALES_SUM_DISCOUNT,SALES_SUM_NET_AMOUNT,SALES_SUM_CASH,SALES_SUM_CHEQUES,SALES_SUM_CREDITCARD,SALES_SUM_CREDIT,SALES_DETAILS_SPRICE,SALES_DETAILS_QTY,SALES_DETAILS_TOTAL,SALES_DETAILS_DISCOUNT,SALES_DETAILS_NET_AMOUNT,SALES_DETAILS_ITEMCODE,CUSTOMER_CUS_NAME,CHEQUES_CHEQUENO,CHEQUES_BDATE,CHEQUES_BANK,CHEQUES_BBRANCH,CHEQUES_AMOUNT,CREDITCARD_AMOUNT,CREDITCARD_CARDNO,ITEMS_NAME,ITEMS_CAT_CODE,SALES_SUM_SAS_NO,SAS_SAS_NO,SAS_DESCRIPTION,SAS_ADDRESS,SAS_TELNO,SAS_WEB,SAS_FAX,CUSTOMER_ADDRESS,CUSTOMER_CONTACT_NO,INVOICENO) values (461,'CASH',to_date('17-AUG-15','DD-MON-RR'),5,18660,0,18660,9000,8000,1000,660,3000,1,3000,0,18660,62,'CASH','013132132',null,'BOC','Kandy',8000,1000,'131321321','SILA CHAIR',81,1,1,'Sri Lanka Furniture Pvt (ltd)','Galigamuwa','05528754215','srilankafurniture.lk','05528754215',' ','0987548758',461);
REM INSERTING into SYSTEM.GRN_SUMMARY_VIEW
SET DEFINE OFF;
Insert into SYSTEM.GRN_SUMMARY_VIEW (GRNNO,SUP_CODE,DDATE,TOTAL_AMOUNT,DISCOUNT,NET_AMOUNT,SUP_NAME,DESCRIPTION,ADDRESS,TELNO,WEB,FAX,SAS_NO) values (141,'002',to_date('17-AUG-15','DD-MON-RR'),105500,0,105500,'Kamal Perera','Sri Lanka Furniture Pvt (ltd)','Galigamuwa','05528754215','srilankafurniture.lk','05528754215',1);
Insert into SYSTEM.GRN_SUMMARY_VIEW (GRNNO,SUP_CODE,DDATE,TOTAL_AMOUNT,DISCOUNT,NET_AMOUNT,SUP_NAME,DESCRIPTION,ADDRESS,TELNO,WEB,FAX,SAS_NO) values (104,'002',to_date('09-JUN-15','DD-MON-RR'),432000,0,432000,'Kamal Perera','Sri Lanka Furniture Pvt (ltd)','Galigamuwa','05528754215','srilankafurniture.lk','05528754215',1);
Insert into SYSTEM.GRN_SUMMARY_VIEW (GRNNO,SUP_CODE,DDATE,TOTAL_AMOUNT,DISCOUNT,NET_AMOUNT,SUP_NAME,DESCRIPTION,ADDRESS,TELNO,WEB,FAX,SAS_NO) values (103,'002',to_date('09-JUN-15','DD-MON-RR'),528000,0,528000,'Kamal Perera','Sri Lanka Furniture Pvt (ltd)','Galigamuwa','05528754215','srilankafurniture.lk','05528754215',1);
Insert into SYSTEM.GRN_SUMMARY_VIEW (GRNNO,SUP_CODE,DDATE,TOTAL_AMOUNT,DISCOUNT,NET_AMOUNT,SUP_NAME,DESCRIPTION,ADDRESS,TELNO,WEB,FAX,SAS_NO) values (124,'001',to_date('15-JUN-15','DD-MON-RR'),43200,0,43200,'Ravindra Warnasooriya','Sri Lanka Furniture Pvt (ltd)','Galigamuwa','05528754215','srilankafurniture.lk','05528754215',1);
Insert into SYSTEM.GRN_SUMMARY_VIEW (GRNNO,SUP_CODE,DDATE,TOTAL_AMOUNT,DISCOUNT,NET_AMOUNT,SUP_NAME,DESCRIPTION,ADDRESS,TELNO,WEB,FAX,SAS_NO) values (101,'001',to_date('09-JUN-15','DD-MON-RR'),4800,0,4800,'Ravindra Warnasooriya','Sri Lanka Furniture Pvt (ltd)','Galigamuwa','05528754215','srilankafurniture.lk','05528754215',1);
Insert into SYSTEM.GRN_SUMMARY_VIEW (GRNNO,SUP_CODE,DDATE,TOTAL_AMOUNT,DISCOUNT,NET_AMOUNT,SUP_NAME,DESCRIPTION,ADDRESS,TELNO,WEB,FAX,SAS_NO) values (81,'001',to_date('27-MAY-15','DD-MON-RR'),71990,0,71990,'Ravindra Warnasooriya','Sri Lanka Furniture Pvt (ltd)','Galigamuwa','05528754215','srilankafurniture.lk','05528754215',1);
Insert into SYSTEM.GRN_SUMMARY_VIEW (GRNNO,SUP_CODE,DDATE,TOTAL_AMOUNT,DISCOUNT,NET_AMOUNT,SUP_NAME,DESCRIPTION,ADDRESS,TELNO,WEB,FAX,SAS_NO) values (121,'001',to_date('15-JUN-15','DD-MON-RR'),480000,0,480000,'Ravindra Warnasooriya','Sri Lanka Furniture Pvt (ltd)','Galigamuwa','05528754215','srilankafurniture.lk','05528754215',1);
Insert into SYSTEM.GRN_SUMMARY_VIEW (GRNNO,SUP_CODE,DDATE,TOTAL_AMOUNT,DISCOUNT,NET_AMOUNT,SUP_NAME,DESCRIPTION,ADDRESS,TELNO,WEB,FAX,SAS_NO) values (123,'005',to_date('15-JUN-15','DD-MON-RR'),19500,0,19500,'Asanka','Sri Lanka Furniture Pvt (ltd)','Galigamuwa','05528754215','srilankafurniture.lk','05528754215',1);
Insert into SYSTEM.GRN_SUMMARY_VIEW (GRNNO,SUP_CODE,DDATE,TOTAL_AMOUNT,DISCOUNT,NET_AMOUNT,SUP_NAME,DESCRIPTION,ADDRESS,TELNO,WEB,FAX,SAS_NO) values (122,'005',to_date('15-JUN-15','DD-MON-RR'),451149,0,451149,'Asanka','Sri Lanka Furniture Pvt (ltd)','Galigamuwa','05528754215','srilankafurniture.lk','05528754215',1);
REM INSERTING into SYSTEM.MAINPANNEL_LOAD_VIEW
SET DEFINE OFF;
Insert into SYSTEM.MAINPANNEL_LOAD_VIEW (PK_NAME,PATH,CSSICON,PK_ID,USER_GROUP_ID,COLOR) values ('INVENTORY','plugins/inventory.jsp','fa fa-database fa-fw',2,121,'yellow');
Insert into SYSTEM.MAINPANNEL_LOAD_VIEW (PK_NAME,PATH,CSSICON,PK_ID,USER_GROUP_ID,COLOR) values ('ACCOUNT','http://192.168.1.3:8080/SriLankaFurniture.com_inventory/plugins/Accounts.jsp','ion ion-map',1,101,'blue');
Insert into SYSTEM.MAINPANNEL_LOAD_VIEW (PK_NAME,PATH,CSSICON,PK_ID,USER_GROUP_ID,COLOR) values ('INVENTORY','plugins/inventory.jsp','fa fa-database fa-fw',2,101,'yellow');
Insert into SYSTEM.MAINPANNEL_LOAD_VIEW (PK_NAME,PATH,CSSICON,PK_ID,USER_GROUP_ID,COLOR) values ('PAYROLL','http://192.168.1.4:8080/SriLankaFurniture.com/plugins/payroll.jsp','fa fa-paper-plane',3,121,'red');
Insert into SYSTEM.MAINPANNEL_LOAD_VIEW (PK_NAME,PATH,CSSICON,PK_ID,USER_GROUP_ID,COLOR) values ('ADMIN PANEL','plugins/adminpanel.jsp','fa fa-dashboard fa-fw',5,101,'purple');
Insert into SYSTEM.MAINPANNEL_LOAD_VIEW (PK_NAME,PATH,CSSICON,PK_ID,USER_GROUP_ID,COLOR) values ('PAYROLL','http://192.168.1.4:8080/SriLankaFurniture.com/plugins/payroll.jsp','fa fa-paper-plane',3,101,'red');
Insert into SYSTEM.MAINPANNEL_LOAD_VIEW (PK_NAME,PATH,CSSICON,PK_ID,USER_GROUP_ID,COLOR) values ('INVENTORY','plugins/inventory.jsp','fa fa-database fa-fw',2,103,'yellow');
Insert into SYSTEM.MAINPANNEL_LOAD_VIEW (PK_NAME,PATH,CSSICON,PK_ID,USER_GROUP_ID,COLOR) values ('HR','HR/Employee_Container.jsp','fa fa-child fa-fw',4,101,'aqua');
REM INSERTING into SYSTEM.PAYSHEET_SUPPORTVIEW
SET DEFINE OFF;
Insert into SYSTEM.PAYSHEET_SUPPORTVIEW (QUANTITY,FIRST_NAME,MIDDLE_NAME,LAST_NAME,EMPLOYEE_ID,AMMOUNT,MONTHLY,EPF,ETF) values (null,'Wayaman','Ravindra','Warnasooriya',4,100000,4167,'4','3');
Insert into SYSTEM.PAYSHEET_SUPPORTVIEW (QUANTITY,FIRST_NAME,MIDDLE_NAME,LAST_NAME,EMPLOYEE_ID,AMMOUNT,MONTHLY,EPF,ETF) values (15000,'Saaman','Bandara','Jayathilaka',61,100000,4167,'4','3');
Insert into SYSTEM.PAYSHEET_SUPPORTVIEW (QUANTITY,FIRST_NAME,MIDDLE_NAME,LAST_NAME,EMPLOYEE_ID,AMMOUNT,MONTHLY,EPF,ETF) values (null,'ddsd','df','dsf',1,null,null,'4','3');
Insert into SYSTEM.PAYSHEET_SUPPORTVIEW (QUANTITY,FIRST_NAME,MIDDLE_NAME,LAST_NAME,EMPLOYEE_ID,AMMOUNT,MONTHLY,EPF,ETF) values (null,'Asanka','Sampath','Sandaruwan',41,null,null,'4','3');
REM INSERTING into SYSTEM.PRODUCT_PRIVS
SET DEFINE OFF;
REM INSERTING into SYSTEM.SALES_DETAILS_VIEW
SET DEFINE OFF;
Insert into SYSTEM.SALES_DETAILS_VIEW (CUS_CODE,DDATE,SALES_TYPE,BILL_TOTAL_AMOUNT,BILL_DISCOUNT,BILL_NET_AMOUNT,CASH,CHEQUES,CREDITCARD,CREDIT,SPRICE,PPRICE,QTY,ITEMS_TOTAL,ITEM_DISCOUNT,ITEM_NET_AMOUNT,ITEMCODE,INVOICE_NO,ITEM_NAME,SALES_TYPE_DESCRIPTION,SAS_NO,DESCRIPTION,ADDRESS,TELNO,WEB,FAX) values ('001',to_date('12-JUL-15','DD-MON-RR'),5,84140,0,84140,55640,2500,25000,1000,6500,4800,5,32500,10,84140,50,441,'CLIP SIDE TABLE','MIX TYPE',1,'Sri Lanka Furniture Pvt (ltd)','Galigamuwa','05528754215','srilankafurniture.lk','05528754215');
Insert into SYSTEM.SALES_DETAILS_VIEW (CUS_CODE,DDATE,SALES_TYPE,BILL_TOTAL_AMOUNT,BILL_DISCOUNT,BILL_NET_AMOUNT,CASH,CHEQUES,CREDITCARD,CREDIT,SPRICE,PPRICE,QTY,ITEMS_TOTAL,ITEM_DISCOUNT,ITEM_NET_AMOUNT,ITEMCODE,INVOICE_NO,ITEM_NAME,SALES_TYPE_DESCRIPTION,SAS_NO,DESCRIPTION,ADDRESS,TELNO,WEB,FAX) values ('13',to_date('15-JUN-15','DD-MON-RR'),1,8750,0,8750,8750,0,0,0,6500,4800,1,6500,0,8750,50,403,'CLIP SIDE TABLE','CASH',1,'Sri Lanka Furniture Pvt (ltd)','Galigamuwa','05528754215','srilankafurniture.lk','05528754215');
Insert into SYSTEM.SALES_DETAILS_VIEW (CUS_CODE,DDATE,SALES_TYPE,BILL_TOTAL_AMOUNT,BILL_DISCOUNT,BILL_NET_AMOUNT,CASH,CHEQUES,CREDITCARD,CREDIT,SPRICE,PPRICE,QTY,ITEMS_TOTAL,ITEM_DISCOUNT,ITEM_NET_AMOUNT,ITEMCODE,INVOICE_NO,ITEM_NAME,SALES_TYPE_DESCRIPTION,SAS_NO,DESCRIPTION,ADDRESS,TELNO,WEB,FAX) values ('13',to_date('15-JUN-15','DD-MON-RR'),1,12000,0,12000,12000,0,0,0,6500,4800,1,6500,0,12000,50,402,'CLIP SIDE TABLE','CASH',1,'Sri Lanka Furniture Pvt (ltd)','Galigamuwa','05528754215','srilankafurniture.lk','05528754215');
Insert into SYSTEM.SALES_DETAILS_VIEW (CUS_CODE,DDATE,SALES_TYPE,BILL_TOTAL_AMOUNT,BILL_DISCOUNT,BILL_NET_AMOUNT,CASH,CHEQUES,CREDITCARD,CREDIT,SPRICE,PPRICE,QTY,ITEMS_TOTAL,ITEM_DISCOUNT,ITEM_NET_AMOUNT,ITEMCODE,INVOICE_NO,ITEM_NAME,SALES_TYPE_DESCRIPTION,SAS_NO,DESCRIPTION,ADDRESS,TELNO,WEB,FAX) values ('wer234',to_date('15-JUN-15','DD-MON-RR'),1,38000,0,38000,38000,0,0,0,6500,4800,1,6500,0,38000,50,401,'CLIP SIDE TABLE','CASH',1,'Sri Lanka Furniture Pvt (ltd)','Galigamuwa','05528754215','srilankafurniture.lk','05528754215');
Insert into SYSTEM.SALES_DETAILS_VIEW (CUS_CODE,DDATE,SALES_TYPE,BILL_TOTAL_AMOUNT,BILL_DISCOUNT,BILL_NET_AMOUNT,CASH,CHEQUES,CREDITCARD,CREDIT,SPRICE,PPRICE,QTY,ITEMS_TOTAL,ITEM_DISCOUNT,ITEM_NET_AMOUNT,ITEMCODE,INVOICE_NO,ITEM_NAME,SALES_TYPE_DESCRIPTION,SAS_NO,DESCRIPTION,ADDRESS,TELNO,WEB,FAX) values ('01',to_date('09-JUN-15','DD-MON-RR'),1,13000,0,13000,13000,0,0,0,6500,4800,2,13000,0,13000,50,391,'CLIP SIDE TABLE','CASH',1,'Sri Lanka Furniture Pvt (ltd)','Galigamuwa','05528754215','srilankafurniture.lk','05528754215');
Insert into SYSTEM.SALES_DETAILS_VIEW (CUS_CODE,DDATE,SALES_TYPE,BILL_TOTAL_AMOUNT,BILL_DISCOUNT,BILL_NET_AMOUNT,CASH,CHEQUES,CREDITCARD,CREDIT,SPRICE,PPRICE,QTY,ITEMS_TOTAL,ITEM_DISCOUNT,ITEM_NET_AMOUNT,ITEMCODE,INVOICE_NO,ITEM_NAME,SALES_TYPE_DESCRIPTION,SAS_NO,DESCRIPTION,ADDRESS,TELNO,WEB,FAX) values ('01',to_date('09-JUN-15','DD-MON-RR'),1,32500,0,32500,32500,0,0,0,6500,4800,5,32500,0,32500,50,390,'CLIP SIDE TABLE','CASH',1,'Sri Lanka Furniture Pvt (ltd)','Galigamuwa','05528754215','srilankafurniture.lk','05528754215');
Insert into SYSTEM.SALES_DETAILS_VIEW (CUS_CODE,DDATE,SALES_TYPE,BILL_TOTAL_AMOUNT,BILL_DISCOUNT,BILL_NET_AMOUNT,CASH,CHEQUES,CREDITCARD,CREDIT,SPRICE,PPRICE,QTY,ITEMS_TOTAL,ITEM_DISCOUNT,ITEM_NET_AMOUNT,ITEMCODE,INVOICE_NO,ITEM_NAME,SALES_TYPE_DESCRIPTION,SAS_NO,DESCRIPTION,ADDRESS,TELNO,WEB,FAX) values ('001',to_date('09-JUN-15','DD-MON-RR'),1,32500,0,32500,32500,0,0,0,6500,4800,5,32500,0,32500,50,384,'CLIP SIDE TABLE','CASH',1,'Sri Lanka Furniture Pvt (ltd)','Galigamuwa','05528754215','srilankafurniture.lk','05528754215');
Insert into SYSTEM.SALES_DETAILS_VIEW (CUS_CODE,DDATE,SALES_TYPE,BILL_TOTAL_AMOUNT,BILL_DISCOUNT,BILL_NET_AMOUNT,CASH,CHEQUES,CREDITCARD,CREDIT,SPRICE,PPRICE,QTY,ITEMS_TOTAL,ITEM_DISCOUNT,ITEM_NET_AMOUNT,ITEMCODE,INVOICE_NO,ITEM_NAME,SALES_TYPE_DESCRIPTION,SAS_NO,DESCRIPTION,ADDRESS,TELNO,WEB,FAX) values ('01',to_date('09-JUN-15','DD-MON-RR'),1,6500,0,6500,6500,0,0,0,6500,4800,1,6500,0,6500,50,382,'CLIP SIDE TABLE','CASH',1,'Sri Lanka Furniture Pvt (ltd)','Galigamuwa','05528754215','srilankafurniture.lk','05528754215');
Insert into SYSTEM.SALES_DETAILS_VIEW (CUS_CODE,DDATE,SALES_TYPE,BILL_TOTAL_AMOUNT,BILL_DISCOUNT,BILL_NET_AMOUNT,CASH,CHEQUES,CREDITCARD,CREDIT,SPRICE,PPRICE,QTY,ITEMS_TOTAL,ITEM_DISCOUNT,ITEM_NET_AMOUNT,ITEMCODE,INVOICE_NO,ITEM_NAME,SALES_TYPE_DESCRIPTION,SAS_NO,DESCRIPTION,ADDRESS,TELNO,WEB,FAX) values ('01',to_date('09-JUN-15','DD-MON-RR'),5,71500,0,71500,60000,10000,1000,500,6500,4800,10,65000,0,71500,50,381,'CLIP SIDE TABLE','MIX TYPE',1,'Sri Lanka Furniture Pvt (ltd)','Galigamuwa','05528754215','srilankafurniture.lk','05528754215');
Insert into SYSTEM.SALES_DETAILS_VIEW (CUS_CODE,DDATE,SALES_TYPE,BILL_TOTAL_AMOUNT,BILL_DISCOUNT,BILL_NET_AMOUNT,CASH,CHEQUES,CREDITCARD,CREDIT,SPRICE,PPRICE,QTY,ITEMS_TOTAL,ITEM_DISCOUNT,ITEM_NET_AMOUNT,ITEMCODE,INVOICE_NO,ITEM_NAME,SALES_TYPE_DESCRIPTION,SAS_NO,DESCRIPTION,ADDRESS,TELNO,WEB,FAX) values ('01',to_date('01-JUL-15','DD-MON-RR'),5,12350,0,12350,11150,0,1200,0,6500,4800,2,13000,0,12350,50,366,'CLIP SIDE TABLE','MIX TYPE',1,'Sri Lanka Furniture Pvt (ltd)','Galigamuwa','05528754215','srilankafurniture.lk','05528754215');
Insert into SYSTEM.SALES_DETAILS_VIEW (CUS_CODE,DDATE,SALES_TYPE,BILL_TOTAL_AMOUNT,BILL_DISCOUNT,BILL_NET_AMOUNT,CASH,CHEQUES,CREDITCARD,CREDIT,SPRICE,PPRICE,QTY,ITEMS_TOTAL,ITEM_DISCOUNT,ITEM_NET_AMOUNT,ITEMCODE,INVOICE_NO,ITEM_NAME,SALES_TYPE_DESCRIPTION,SAS_NO,DESCRIPTION,ADDRESS,TELNO,WEB,FAX) values ('01',to_date('01-JUL-15','DD-MON-RR'),5,65000,0,65000,50000,6000,5500,3500,6500,4800,10,65000,0,65000,50,365,'CLIP SIDE TABLE','MIX TYPE',1,'Sri Lanka Furniture Pvt (ltd)','Galigamuwa','05528754215','srilankafurniture.lk','05528754215');
Insert into SYSTEM.SALES_DETAILS_VIEW (CUS_CODE,DDATE,SALES_TYPE,BILL_TOTAL_AMOUNT,BILL_DISCOUNT,BILL_NET_AMOUNT,CASH,CHEQUES,CREDITCARD,CREDIT,SPRICE,PPRICE,QTY,ITEMS_TOTAL,ITEM_DISCOUNT,ITEM_NET_AMOUNT,ITEMCODE,INVOICE_NO,ITEM_NAME,SALES_TYPE_DESCRIPTION,SAS_NO,DESCRIPTION,ADDRESS,TELNO,WEB,FAX) values ('01',to_date('02-JUN-15','DD-MON-RR'),5,64980,0,64980,4980,0,60000,0,6500,4800,10,65000,0,64980,50,364,'CLIP SIDE TABLE','MIX TYPE',1,'Sri Lanka Furniture Pvt (ltd)','Galigamuwa','05528754215','srilankafurniture.lk','05528754215');
Insert into SYSTEM.SALES_DETAILS_VIEW (CUS_CODE,DDATE,SALES_TYPE,BILL_TOTAL_AMOUNT,BILL_DISCOUNT,BILL_NET_AMOUNT,CASH,CHEQUES,CREDITCARD,CREDIT,SPRICE,PPRICE,QTY,ITEMS_TOTAL,ITEM_DISCOUNT,ITEM_NET_AMOUNT,ITEMCODE,INVOICE_NO,ITEM_NAME,SALES_TYPE_DESCRIPTION,SAS_NO,DESCRIPTION,ADDRESS,TELNO,WEB,FAX) values ('wer234',to_date('02-JUN-15','DD-MON-RR'),5,19500,0,19500,0,4500,0,15000,6500,4800,4,26000,0,19500,50,362,'CLIP SIDE TABLE','MIX TYPE',1,'Sri Lanka Furniture Pvt (ltd)','Galigamuwa','05528754215','srilankafurniture.lk','05528754215');
Insert into SYSTEM.SALES_DETAILS_VIEW (CUS_CODE,DDATE,SALES_TYPE,BILL_TOTAL_AMOUNT,BILL_DISCOUNT,BILL_NET_AMOUNT,CASH,CHEQUES,CREDITCARD,CREDIT,SPRICE,PPRICE,QTY,ITEMS_TOTAL,ITEM_DISCOUNT,ITEM_NET_AMOUNT,ITEMCODE,INVOICE_NO,ITEM_NAME,SALES_TYPE_DESCRIPTION,SAS_NO,DESCRIPTION,ADDRESS,TELNO,WEB,FAX) values ('01',to_date('02-JUN-15','DD-MON-RR'),1,60000,0,60000,60000,0,0,0,6500,4800,10,65000,0,60000,50,361,'CLIP SIDE TABLE','CASH',1,'Sri Lanka Furniture Pvt (ltd)','Galigamuwa','05528754215','srilankafurniture.lk','05528754215');
Insert into SYSTEM.SALES_DETAILS_VIEW (CUS_CODE,DDATE,SALES_TYPE,BILL_TOTAL_AMOUNT,BILL_DISCOUNT,BILL_NET_AMOUNT,CASH,CHEQUES,CREDITCARD,CREDIT,SPRICE,PPRICE,QTY,ITEMS_TOTAL,ITEM_DISCOUNT,ITEM_NET_AMOUNT,ITEMCODE,INVOICE_NO,ITEM_NAME,SALES_TYPE_DESCRIPTION,SAS_NO,DESCRIPTION,ADDRESS,TELNO,WEB,FAX) values ('122212',to_date('01-JUN-15','DD-MON-RR'),1,259998,0,259998,259998,0,0,0,6500,4800,40,260000,0,259998,50,344,'CLIP SIDE TABLE','CASH',1,'Sri Lanka Furniture Pvt (ltd)','Galigamuwa','05528754215','srilankafurniture.lk','05528754215');
Insert into SYSTEM.SALES_DETAILS_VIEW (CUS_CODE,DDATE,SALES_TYPE,BILL_TOTAL_AMOUNT,BILL_DISCOUNT,BILL_NET_AMOUNT,CASH,CHEQUES,CREDITCARD,CREDIT,SPRICE,PPRICE,QTY,ITEMS_TOTAL,ITEM_DISCOUNT,ITEM_NET_AMOUNT,ITEMCODE,INVOICE_NO,ITEM_NAME,SALES_TYPE_DESCRIPTION,SAS_NO,DESCRIPTION,ADDRESS,TELNO,WEB,FAX) values ('001',to_date('01-JUN-15','DD-MON-RR'),5,26000,0,26000,23500,0,0,2500,6500,4800,4,26000,0,26000,50,343,'CLIP SIDE TABLE','MIX TYPE',1,'Sri Lanka Furniture Pvt (ltd)','Galigamuwa','05528754215','srilankafurniture.lk','05528754215');
Insert into SYSTEM.SALES_DETAILS_VIEW (CUS_CODE,DDATE,SALES_TYPE,BILL_TOTAL_AMOUNT,BILL_DISCOUNT,BILL_NET_AMOUNT,CASH,CHEQUES,CREDITCARD,CREDIT,SPRICE,PPRICE,QTY,ITEMS_TOTAL,ITEM_DISCOUNT,ITEM_NET_AMOUNT,ITEMCODE,INVOICE_NO,ITEM_NAME,SALES_TYPE_DESCRIPTION,SAS_NO,DESCRIPTION,ADDRESS,TELNO,WEB,FAX) values ('01',to_date('24-MAY-15','DD-MON-RR'),1,32498,0,32498,32498,0,0,0,6500,4800,5,32500,0,32498,50,342,'CLIP SIDE TABLE','CASH',1,'Sri Lanka Furniture Pvt (ltd)','Galigamuwa','05528754215','srilankafurniture.lk','05528754215');
Insert into SYSTEM.SALES_DETAILS_VIEW (CUS_CODE,DDATE,SALES_TYPE,BILL_TOTAL_AMOUNT,BILL_DISCOUNT,BILL_NET_AMOUNT,CASH,CHEQUES,CREDITCARD,CREDIT,SPRICE,PPRICE,QTY,ITEMS_TOTAL,ITEM_DISCOUNT,ITEM_NET_AMOUNT,ITEMCODE,INVOICE_NO,ITEM_NAME,SALES_TYPE_DESCRIPTION,SAS_NO,DESCRIPTION,ADDRESS,TELNO,WEB,FAX) values ('01',to_date('24-MAY-15','DD-MON-RR'),1,12998,0,12998,12998,0,0,0,6500,4800,2,13000,0,12998,50,341,'CLIP SIDE TABLE','CASH',1,'Sri Lanka Furniture Pvt (ltd)','Galigamuwa','05528754215','srilankafurniture.lk','05528754215');
Insert into SYSTEM.SALES_DETAILS_VIEW (CUS_CODE,DDATE,SALES_TYPE,BILL_TOTAL_AMOUNT,BILL_DISCOUNT,BILL_NET_AMOUNT,CASH,CHEQUES,CREDITCARD,CREDIT,SPRICE,PPRICE,QTY,ITEMS_TOTAL,ITEM_DISCOUNT,ITEM_NET_AMOUNT,ITEMCODE,INVOICE_NO,ITEM_NAME,SALES_TYPE_DESCRIPTION,SAS_NO,DESCRIPTION,ADDRESS,TELNO,WEB,FAX) values ('01',to_date('16-JUN-15','DD-MON-RR'),1,11500,0,11500,11500,0,0,0,6500,5000,1,6500,0,11500,41,421,'KAMI TABLE','CASH',1,'Sri Lanka Furniture Pvt (ltd)','Galigamuwa','05528754215','srilankafurniture.lk','05528754215');
Insert into SYSTEM.SALES_DETAILS_VIEW (CUS_CODE,DDATE,SALES_TYPE,BILL_TOTAL_AMOUNT,BILL_DISCOUNT,BILL_NET_AMOUNT,CASH,CHEQUES,CREDITCARD,CREDIT,SPRICE,PPRICE,QTY,ITEMS_TOTAL,ITEM_DISCOUNT,ITEM_NET_AMOUNT,ITEMCODE,INVOICE_NO,ITEM_NAME,SALES_TYPE_DESCRIPTION,SAS_NO,DESCRIPTION,ADDRESS,TELNO,WEB,FAX) values ('01',to_date('15-JUN-15','DD-MON-RR'),5,29100,0,29100,10000,2500,6600,10000,6500,4800,2,13000,0,29100,41,405,'KAMI TABLE','MIX TYPE',1,'Sri Lanka Furniture Pvt (ltd)','Galigamuwa','05528754215','srilankafurniture.lk','05528754215');
Insert into SYSTEM.SALES_DETAILS_VIEW (CUS_CODE,DDATE,SALES_TYPE,BILL_TOTAL_AMOUNT,BILL_DISCOUNT,BILL_NET_AMOUNT,CASH,CHEQUES,CREDITCARD,CREDIT,SPRICE,PPRICE,QTY,ITEMS_TOTAL,ITEM_DISCOUNT,ITEM_NET_AMOUNT,ITEMCODE,INVOICE_NO,ITEM_NAME,SALES_TYPE_DESCRIPTION,SAS_NO,DESCRIPTION,ADDRESS,TELNO,WEB,FAX) values ('01',to_date('09-JUN-15','DD-MON-RR'),1,6500,0,6500,6500,0,0,0,6500,4800,1,6500,0,6500,41,386,'KAMI TABLE','CASH',1,'Sri Lanka Furniture Pvt (ltd)','Galigamuwa','05528754215','srilankafurniture.lk','05528754215');
Insert into SYSTEM.SALES_DETAILS_VIEW (CUS_CODE,DDATE,SALES_TYPE,BILL_TOTAL_AMOUNT,BILL_DISCOUNT,BILL_NET_AMOUNT,CASH,CHEQUES,CREDITCARD,CREDIT,SPRICE,PPRICE,QTY,ITEMS_TOTAL,ITEM_DISCOUNT,ITEM_NET_AMOUNT,ITEMCODE,INVOICE_NO,ITEM_NAME,SALES_TYPE_DESCRIPTION,SAS_NO,DESCRIPTION,ADDRESS,TELNO,WEB,FAX) values ('122212',to_date('09-JUN-15','DD-MON-RR'),1,65000,0,65000,65000,0,0,0,6500,4800,10,65000,0,65000,41,385,'KAMI TABLE','CASH',1,'Sri Lanka Furniture Pvt (ltd)','Galigamuwa','05528754215','srilankafurniture.lk','05528754215');
Insert into SYSTEM.SALES_DETAILS_VIEW (CUS_CODE,DDATE,SALES_TYPE,BILL_TOTAL_AMOUNT,BILL_DISCOUNT,BILL_NET_AMOUNT,CASH,CHEQUES,CREDITCARD,CREDIT,SPRICE,PPRICE,QTY,ITEMS_TOTAL,ITEM_DISCOUNT,ITEM_NET_AMOUNT,ITEMCODE,INVOICE_NO,ITEM_NAME,SALES_TYPE_DESCRIPTION,SAS_NO,DESCRIPTION,ADDRESS,TELNO,WEB,FAX) values ('01',to_date('09-JUN-15','DD-MON-RR'),5,71500,0,71500,60000,10000,1000,500,6500,4800,1,6500,0,71500,41,381,'KAMI TABLE','MIX TYPE',1,'Sri Lanka Furniture Pvt (ltd)','Galigamuwa','05528754215','srilankafurniture.lk','05528754215');
Insert into SYSTEM.SALES_DETAILS_VIEW (CUS_CODE,DDATE,SALES_TYPE,BILL_TOTAL_AMOUNT,BILL_DISCOUNT,BILL_NET_AMOUNT,CASH,CHEQUES,CREDITCARD,CREDIT,SPRICE,PPRICE,QTY,ITEMS_TOTAL,ITEM_DISCOUNT,ITEM_NET_AMOUNT,ITEMCODE,INVOICE_NO,ITEM_NAME,SALES_TYPE_DESCRIPTION,SAS_NO,DESCRIPTION,ADDRESS,TELNO,WEB,FAX) values ('CASH',to_date('17-AUG-15','DD-MON-RR'),5,18660,0,18660,9000,8000,1000,660,2500,1950,1,2500,0,18660,61,461,'POCKET CHAIR','MIX TYPE',1,'Sri Lanka Furniture Pvt (ltd)','Galigamuwa','05528754215','srilankafurniture.lk','05528754215');
Insert into SYSTEM.SALES_DETAILS_VIEW (CUS_CODE,DDATE,SALES_TYPE,BILL_TOTAL_AMOUNT,BILL_DISCOUNT,BILL_NET_AMOUNT,CASH,CHEQUES,CREDITCARD,CREDIT,SPRICE,PPRICE,QTY,ITEMS_TOTAL,ITEM_DISCOUNT,ITEM_NET_AMOUNT,ITEMCODE,INVOICE_NO,ITEM_NAME,SALES_TYPE_DESCRIPTION,SAS_NO,DESCRIPTION,ADDRESS,TELNO,WEB,FAX) values ('001',to_date('12-JUL-15','DD-MON-RR'),5,84140,0,84140,55640,2500,25000,1000,2500,1950,1,2500,0,84140,61,441,'POCKET CHAIR','MIX TYPE',1,'Sri Lanka Furniture Pvt (ltd)','Galigamuwa','05528754215','srilankafurniture.lk','05528754215');
Insert into SYSTEM.SALES_DETAILS_VIEW (CUS_CODE,DDATE,SALES_TYPE,BILL_TOTAL_AMOUNT,BILL_DISCOUNT,BILL_NET_AMOUNT,CASH,CHEQUES,CREDITCARD,CREDIT,SPRICE,PPRICE,QTY,ITEMS_TOTAL,ITEM_DISCOUNT,ITEM_NET_AMOUNT,ITEMCODE,INVOICE_NO,ITEM_NAME,SALES_TYPE_DESCRIPTION,SAS_NO,DESCRIPTION,ADDRESS,TELNO,WEB,FAX) values ('01',to_date('16-JUN-15','DD-MON-RR'),1,11500,0,11500,11500,0,0,0,2500,1950,2,5000,0,11500,61,421,'POCKET CHAIR','CASH',1,'Sri Lanka Furniture Pvt (ltd)','Galigamuwa','05528754215','srilankafurniture.lk','05528754215');
Insert into SYSTEM.SALES_DETAILS_VIEW (CUS_CODE,DDATE,SALES_TYPE,BILL_TOTAL_AMOUNT,BILL_DISCOUNT,BILL_NET_AMOUNT,CASH,CHEQUES,CREDITCARD,CREDIT,SPRICE,PPRICE,QTY,ITEMS_TOTAL,ITEM_DISCOUNT,ITEM_NET_AMOUNT,ITEMCODE,INVOICE_NO,ITEM_NAME,SALES_TYPE_DESCRIPTION,SAS_NO,DESCRIPTION,ADDRESS,TELNO,WEB,FAX) values ('13',to_date('15-JUN-15','DD-MON-RR'),1,8750,0,8750,8750,0,0,0,2500,1950,1,2500,0,8750,61,403,'POCKET CHAIR','CASH',1,'Sri Lanka Furniture Pvt (ltd)','Galigamuwa','05528754215','srilankafurniture.lk','05528754215');
Insert into SYSTEM.SALES_DETAILS_VIEW (CUS_CODE,DDATE,SALES_TYPE,BILL_TOTAL_AMOUNT,BILL_DISCOUNT,BILL_NET_AMOUNT,CASH,CHEQUES,CREDITCARD,CREDIT,SPRICE,PPRICE,QTY,ITEMS_TOTAL,ITEM_DISCOUNT,ITEM_NET_AMOUNT,ITEMCODE,INVOICE_NO,ITEM_NAME,SALES_TYPE_DESCRIPTION,SAS_NO,DESCRIPTION,ADDRESS,TELNO,WEB,FAX) values ('13',to_date('15-JUN-15','DD-MON-RR'),1,12000,0,12000,12000,0,0,0,2500,1950,1,2500,0,12000,61,402,'POCKET CHAIR','CASH',1,'Sri Lanka Furniture Pvt (ltd)','Galigamuwa','05528754215','srilankafurniture.lk','05528754215');
Insert into SYSTEM.SALES_DETAILS_VIEW (CUS_CODE,DDATE,SALES_TYPE,BILL_TOTAL_AMOUNT,BILL_DISCOUNT,BILL_NET_AMOUNT,CASH,CHEQUES,CREDITCARD,CREDIT,SPRICE,PPRICE,QTY,ITEMS_TOTAL,ITEM_DISCOUNT,ITEM_NET_AMOUNT,ITEMCODE,INVOICE_NO,ITEM_NAME,SALES_TYPE_DESCRIPTION,SAS_NO,DESCRIPTION,ADDRESS,TELNO,WEB,FAX) values ('wer234',to_date('15-JUN-15','DD-MON-RR'),1,38000,0,38000,38000,0,0,0,2500,1950,3,7500,0,38000,61,401,'POCKET CHAIR','CASH',1,'Sri Lanka Furniture Pvt (ltd)','Galigamuwa','05528754215','srilankafurniture.lk','05528754215');
Insert into SYSTEM.SALES_DETAILS_VIEW (CUS_CODE,DDATE,SALES_TYPE,BILL_TOTAL_AMOUNT,BILL_DISCOUNT,BILL_NET_AMOUNT,CASH,CHEQUES,CREDITCARD,CREDIT,SPRICE,PPRICE,QTY,ITEMS_TOTAL,ITEM_DISCOUNT,ITEM_NET_AMOUNT,ITEMCODE,INVOICE_NO,ITEM_NAME,SALES_TYPE_DESCRIPTION,SAS_NO,DESCRIPTION,ADDRESS,TELNO,WEB,FAX) values ('CASH',to_date('17-AUG-15','DD-MON-RR'),5,18660,0,18660,9000,8000,1000,660,3000,2500,1,3000,0,18660,62,461,'SILA CHAIR','MIX TYPE',1,'Sri Lanka Furniture Pvt (ltd)','Galigamuwa','05528754215','srilankafurniture.lk','05528754215');
Insert into SYSTEM.SALES_DETAILS_VIEW (CUS_CODE,DDATE,SALES_TYPE,BILL_TOTAL_AMOUNT,BILL_DISCOUNT,BILL_NET_AMOUNT,CASH,CHEQUES,CREDITCARD,CREDIT,SPRICE,PPRICE,QTY,ITEMS_TOTAL,ITEM_DISCOUNT,ITEM_NET_AMOUNT,ITEMCODE,INVOICE_NO,ITEM_NAME,SALES_TYPE_DESCRIPTION,SAS_NO,DESCRIPTION,ADDRESS,TELNO,WEB,FAX) values ('001',to_date('15-JUN-15','DD-MON-RR'),4,12350,0,12350,0,0,12350,0,3000,2500,2,6000,150,12350,62,404,'SILA CHAIR','CREDITCARD',1,'Sri Lanka Furniture Pvt (ltd)','Galigamuwa','05528754215','srilankafurniture.lk','05528754215');
Insert into SYSTEM.SALES_DETAILS_VIEW (CUS_CODE,DDATE,SALES_TYPE,BILL_TOTAL_AMOUNT,BILL_DISCOUNT,BILL_NET_AMOUNT,CASH,CHEQUES,CREDITCARD,CREDIT,SPRICE,PPRICE,QTY,ITEMS_TOTAL,ITEM_DISCOUNT,ITEM_NET_AMOUNT,ITEMCODE,INVOICE_NO,ITEM_NAME,SALES_TYPE_DESCRIPTION,SAS_NO,DESCRIPTION,ADDRESS,TELNO,WEB,FAX) values ('wer234',to_date('15-JUN-15','DD-MON-RR'),1,38000,0,38000,38000,0,0,0,3000,2500,1,3000,0,38000,62,401,'SILA CHAIR','CASH',1,'Sri Lanka Furniture Pvt (ltd)','Galigamuwa','05528754215','srilankafurniture.lk','05528754215');
Insert into SYSTEM.SALES_DETAILS_VIEW (CUS_CODE,DDATE,SALES_TYPE,BILL_TOTAL_AMOUNT,BILL_DISCOUNT,BILL_NET_AMOUNT,CASH,CHEQUES,CREDITCARD,CREDIT,SPRICE,PPRICE,QTY,ITEMS_TOTAL,ITEM_DISCOUNT,ITEM_NET_AMOUNT,ITEMCODE,INVOICE_NO,ITEM_NAME,SALES_TYPE_DESCRIPTION,SAS_NO,DESCRIPTION,ADDRESS,TELNO,WEB,FAX) values ('01',to_date('15-JUN-15','DD-MON-RR'),5,29100,0,29100,10000,2500,6600,10000,6500,5400,2,13000,500,29100,63,405,'SILA STOOL','MIX TYPE',1,'Sri Lanka Furniture Pvt (ltd)','Galigamuwa','05528754215','srilankafurniture.lk','05528754215');
Insert into SYSTEM.SALES_DETAILS_VIEW (CUS_CODE,DDATE,SALES_TYPE,BILL_TOTAL_AMOUNT,BILL_DISCOUNT,BILL_NET_AMOUNT,CASH,CHEQUES,CREDITCARD,CREDIT,SPRICE,PPRICE,QTY,ITEMS_TOTAL,ITEM_DISCOUNT,ITEM_NET_AMOUNT,ITEMCODE,INVOICE_NO,ITEM_NAME,SALES_TYPE_DESCRIPTION,SAS_NO,DESCRIPTION,ADDRESS,TELNO,WEB,FAX) values ('001',to_date('15-JUN-15','DD-MON-RR'),4,12350,0,12350,0,0,12350,0,6500,5400,1,6500,0,12350,63,404,'SILA STOOL','CREDITCARD',1,'Sri Lanka Furniture Pvt (ltd)','Galigamuwa','05528754215','srilankafurniture.lk','05528754215');
Insert into SYSTEM.SALES_DETAILS_VIEW (CUS_CODE,DDATE,SALES_TYPE,BILL_TOTAL_AMOUNT,BILL_DISCOUNT,BILL_NET_AMOUNT,CASH,CHEQUES,CREDITCARD,CREDIT,SPRICE,PPRICE,QTY,ITEMS_TOTAL,ITEM_DISCOUNT,ITEM_NET_AMOUNT,ITEMCODE,INVOICE_NO,ITEM_NAME,SALES_TYPE_DESCRIPTION,SAS_NO,DESCRIPTION,ADDRESS,TELNO,WEB,FAX) values ('001',to_date('12-JUL-15','DD-MON-RR'),5,84140,0,84140,55640,2500,25000,1000,3250,2850,5,16250,0,84140,64,441,'DRIFTED STOOL','MIX TYPE',1,'Sri Lanka Furniture Pvt (ltd)','Galigamuwa','05528754215','srilankafurniture.lk','05528754215');
Insert into SYSTEM.SALES_DETAILS_VIEW (CUS_CODE,DDATE,SALES_TYPE,BILL_TOTAL_AMOUNT,BILL_DISCOUNT,BILL_NET_AMOUNT,CASH,CHEQUES,CREDITCARD,CREDIT,SPRICE,PPRICE,QTY,ITEMS_TOTAL,ITEM_DISCOUNT,ITEM_NET_AMOUNT,ITEMCODE,INVOICE_NO,ITEM_NAME,SALES_TYPE_DESCRIPTION,SAS_NO,DESCRIPTION,ADDRESS,TELNO,WEB,FAX) values ('13',to_date('15-JUN-15','DD-MON-RR'),1,12000,0,12000,12000,0,0,0,3250,2850,1,3250,0,12000,64,402,'DRIFTED STOOL','CASH',1,'Sri Lanka Furniture Pvt (ltd)','Galigamuwa','05528754215','srilankafurniture.lk','05528754215');
Insert into SYSTEM.SALES_DETAILS_VIEW (CUS_CODE,DDATE,SALES_TYPE,BILL_TOTAL_AMOUNT,BILL_DISCOUNT,BILL_NET_AMOUNT,CASH,CHEQUES,CREDITCARD,CREDIT,SPRICE,PPRICE,QTY,ITEMS_TOTAL,ITEM_DISCOUNT,ITEM_NET_AMOUNT,ITEMCODE,INVOICE_NO,ITEM_NAME,SALES_TYPE_DESCRIPTION,SAS_NO,DESCRIPTION,ADDRESS,TELNO,WEB,FAX) values ('wer234',to_date('15-JUN-15','DD-MON-RR'),1,38000,0,38000,38000,0,0,0,3250,2850,5,16250,0,38000,64,401,'DRIFTED STOOL','CASH',1,'Sri Lanka Furniture Pvt (ltd)','Galigamuwa','05528754215','srilankafurniture.lk','05528754215');
Insert into SYSTEM.SALES_DETAILS_VIEW (CUS_CODE,DDATE,SALES_TYPE,BILL_TOTAL_AMOUNT,BILL_DISCOUNT,BILL_NET_AMOUNT,CASH,CHEQUES,CREDITCARD,CREDIT,SPRICE,PPRICE,QTY,ITEMS_TOTAL,ITEM_DISCOUNT,ITEM_NET_AMOUNT,ITEMCODE,INVOICE_NO,ITEM_NAME,SALES_TYPE_DESCRIPTION,SAS_NO,DESCRIPTION,ADDRESS,TELNO,WEB,FAX) values ('01',to_date('15-JUN-15','DD-MON-RR'),5,29100,0,29100,10000,2500,6600,10000,3150,2500,1,3150,0,29100,65,405,'TWO TONE ARMCHAIR','MIX TYPE',1,'Sri Lanka Furniture Pvt (ltd)','Galigamuwa','05528754215','srilankafurniture.lk','05528754215');
Insert into SYSTEM.SALES_DETAILS_VIEW (CUS_CODE,DDATE,SALES_TYPE,BILL_TOTAL_AMOUNT,BILL_DISCOUNT,BILL_NET_AMOUNT,CASH,CHEQUES,CREDITCARD,CREDIT,SPRICE,PPRICE,QTY,ITEMS_TOTAL,ITEM_DISCOUNT,ITEM_NET_AMOUNT,ITEMCODE,INVOICE_NO,ITEM_NAME,SALES_TYPE_DESCRIPTION,SAS_NO,DESCRIPTION,ADDRESS,TELNO,WEB,FAX) values ('CASH',to_date('17-AUG-15','DD-MON-RR'),5,18660,0,18660,9000,8000,1000,660,6580,4850,2,13160,0,18660,66,461,'BRIDGE BENCH','MIX TYPE',1,'Sri Lanka Furniture Pvt (ltd)','Galigamuwa','05528754215','srilankafurniture.lk','05528754215');
Insert into SYSTEM.SALES_DETAILS_VIEW (CUS_CODE,DDATE,SALES_TYPE,BILL_TOTAL_AMOUNT,BILL_DISCOUNT,BILL_NET_AMOUNT,CASH,CHEQUES,CREDITCARD,CREDIT,SPRICE,PPRICE,QTY,ITEMS_TOTAL,ITEM_DISCOUNT,ITEM_NET_AMOUNT,ITEMCODE,INVOICE_NO,ITEM_NAME,SALES_TYPE_DESCRIPTION,SAS_NO,DESCRIPTION,ADDRESS,TELNO,WEB,FAX) values ('001',to_date('12-JUL-15','DD-MON-RR'),5,84140,0,84140,55640,2500,25000,1000,6580,4850,5,32900,0,84140,66,441,'BRIDGE BENCH','MIX TYPE',1,'Sri Lanka Furniture Pvt (ltd)','Galigamuwa','05528754215','srilankafurniture.lk','05528754215');
Insert into SYSTEM.SALES_DETAILS_VIEW (CUS_CODE,DDATE,SALES_TYPE,BILL_TOTAL_AMOUNT,BILL_DISCOUNT,BILL_NET_AMOUNT,CASH,CHEQUES,CREDITCARD,CREDIT,SPRICE,PPRICE,QTY,ITEMS_TOTAL,ITEM_DISCOUNT,ITEM_NET_AMOUNT,ITEMCODE,INVOICE_NO,ITEM_NAME,SALES_TYPE_DESCRIPTION,SAS_NO,DESCRIPTION,ADDRESS,TELNO,WEB,FAX) values ('wer234',to_date('15-JUN-15','DD-MON-RR'),1,38000,0,38000,38000,0,0,0,2500,1540,2,5000,0,38000,68,401,'CENTANNI','CASH',1,'Sri Lanka Furniture Pvt (ltd)','Galigamuwa','05528754215','srilankafurniture.lk','05528754215');
REM INSERTING into SYSTEM.SALES_SUMMURY_MONTH_WISE
SET DEFINE OFF;
Insert into SYSTEM.SALES_SUMMURY_MONTH_WISE (MONTH,NETAMOUNT,CREDIT,CHEQUES,CASH,CREDITCARD,DISCOUNT,YEAR,M) values ('2015-05',45496,0,0,45496,0,0,'2015','05');
Insert into SYSTEM.SALES_SUMMURY_MONTH_WISE (MONTH,NETAMOUNT,CREDIT,CHEQUES,CASH,CREDITCARD,DISCOUNT,YEAR,M) values ('2015-06',769678,28000,17000,644728,79950,0,'2015','06');
Insert into SYSTEM.SALES_SUMMURY_MONTH_WISE (MONTH,NETAMOUNT,CREDIT,CHEQUES,CASH,CREDITCARD,DISCOUNT,YEAR,M) values ('2015-07',161490,4500,8500,116790,31700,0,'2015','07');
Insert into SYSTEM.SALES_SUMMURY_MONTH_WISE (MONTH,NETAMOUNT,CREDIT,CHEQUES,CASH,CREDITCARD,DISCOUNT,YEAR,M) values ('2015-08',18660,660,8000,9000,1000,0,'2015','08');
REM INSERTING into SYSTEM.SALES_SUMMURY_VIEW
SET DEFINE OFF;
Insert into SYSTEM.SALES_SUMMURY_VIEW (INVOICE_NO,CUS_CODE,DDATE,SALES_TYPE,TOTAL_AMOUNT,DISCOUNT,NET_AMOUNT,CASH,SAS_NO,CHEQUES,CREDITCARD,CREDIT,DESCRIPTION,COMPANY_NAME,ADDRESS,TELNO,WEB,FAX) values (343,'001',to_date('01-JUN-15','DD-MON-RR'),5,26000,0,26000,23500,1,0,0,2500,'MIX TYPE','Sri Lanka Furniture Pvt (ltd)','Galigamuwa','05528754215','srilankafurniture.lk','05528754215');
Insert into SYSTEM.SALES_SUMMURY_VIEW (INVOICE_NO,CUS_CODE,DDATE,SALES_TYPE,TOTAL_AMOUNT,DISCOUNT,NET_AMOUNT,CASH,SAS_NO,CHEQUES,CREDITCARD,CREDIT,DESCRIPTION,COMPANY_NAME,ADDRESS,TELNO,WEB,FAX) values (344,'122212',to_date('01-JUN-15','DD-MON-RR'),1,259998,0,259998,259998,1,0,0,0,'CASH','Sri Lanka Furniture Pvt (ltd)','Galigamuwa','05528754215','srilankafurniture.lk','05528754215');
Insert into SYSTEM.SALES_SUMMURY_VIEW (INVOICE_NO,CUS_CODE,DDATE,SALES_TYPE,TOTAL_AMOUNT,DISCOUNT,NET_AMOUNT,CASH,SAS_NO,CHEQUES,CREDITCARD,CREDIT,DESCRIPTION,COMPANY_NAME,ADDRESS,TELNO,WEB,FAX) values (361,'01',to_date('02-JUN-15','DD-MON-RR'),1,60000,0,60000,60000,1,0,0,0,'CASH','Sri Lanka Furniture Pvt (ltd)','Galigamuwa','05528754215','srilankafurniture.lk','05528754215');
Insert into SYSTEM.SALES_SUMMURY_VIEW (INVOICE_NO,CUS_CODE,DDATE,SALES_TYPE,TOTAL_AMOUNT,DISCOUNT,NET_AMOUNT,CASH,SAS_NO,CHEQUES,CREDITCARD,CREDIT,DESCRIPTION,COMPANY_NAME,ADDRESS,TELNO,WEB,FAX) values (362,'wer234',to_date('02-JUN-15','DD-MON-RR'),5,19500,0,19500,0,1,4500,0,15000,'MIX TYPE','Sri Lanka Furniture Pvt (ltd)','Galigamuwa','05528754215','srilankafurniture.lk','05528754215');
Insert into SYSTEM.SALES_SUMMURY_VIEW (INVOICE_NO,CUS_CODE,DDATE,SALES_TYPE,TOTAL_AMOUNT,DISCOUNT,NET_AMOUNT,CASH,SAS_NO,CHEQUES,CREDITCARD,CREDIT,DESCRIPTION,COMPANY_NAME,ADDRESS,TELNO,WEB,FAX) values (364,'01',to_date('02-JUN-15','DD-MON-RR'),5,64980,0,64980,4980,1,0,60000,0,'MIX TYPE','Sri Lanka Furniture Pvt (ltd)','Galigamuwa','05528754215','srilankafurniture.lk','05528754215');
Insert into SYSTEM.SALES_SUMMURY_VIEW (INVOICE_NO,CUS_CODE,DDATE,SALES_TYPE,TOTAL_AMOUNT,DISCOUNT,NET_AMOUNT,CASH,SAS_NO,CHEQUES,CREDITCARD,CREDIT,DESCRIPTION,COMPANY_NAME,ADDRESS,TELNO,WEB,FAX) values (365,'01',to_date('01-JUL-15','DD-MON-RR'),5,65000,0,65000,50000,1,6000,5500,3500,'MIX TYPE','Sri Lanka Furniture Pvt (ltd)','Galigamuwa','05528754215','srilankafurniture.lk','05528754215');
Insert into SYSTEM.SALES_SUMMURY_VIEW (INVOICE_NO,CUS_CODE,DDATE,SALES_TYPE,TOTAL_AMOUNT,DISCOUNT,NET_AMOUNT,CASH,SAS_NO,CHEQUES,CREDITCARD,CREDIT,DESCRIPTION,COMPANY_NAME,ADDRESS,TELNO,WEB,FAX) values (366,'01',to_date('01-JUL-15','DD-MON-RR'),5,12350,0,12350,11150,1,0,1200,0,'MIX TYPE','Sri Lanka Furniture Pvt (ltd)','Galigamuwa','05528754215','srilankafurniture.lk','05528754215');
Insert into SYSTEM.SALES_SUMMURY_VIEW (INVOICE_NO,CUS_CODE,DDATE,SALES_TYPE,TOTAL_AMOUNT,DISCOUNT,NET_AMOUNT,CASH,SAS_NO,CHEQUES,CREDITCARD,CREDIT,DESCRIPTION,COMPANY_NAME,ADDRESS,TELNO,WEB,FAX) values (381,'01',to_date('09-JUN-15','DD-MON-RR'),5,71500,0,71500,60000,1,10000,1000,500,'MIX TYPE','Sri Lanka Furniture Pvt (ltd)','Galigamuwa','05528754215','srilankafurniture.lk','05528754215');
Insert into SYSTEM.SALES_SUMMURY_VIEW (INVOICE_NO,CUS_CODE,DDATE,SALES_TYPE,TOTAL_AMOUNT,DISCOUNT,NET_AMOUNT,CASH,SAS_NO,CHEQUES,CREDITCARD,CREDIT,DESCRIPTION,COMPANY_NAME,ADDRESS,TELNO,WEB,FAX) values (382,'01',to_date('09-JUN-15','DD-MON-RR'),1,6500,0,6500,6500,1,0,0,0,'CASH','Sri Lanka Furniture Pvt (ltd)','Galigamuwa','05528754215','srilankafurniture.lk','05528754215');
Insert into SYSTEM.SALES_SUMMURY_VIEW (INVOICE_NO,CUS_CODE,DDATE,SALES_TYPE,TOTAL_AMOUNT,DISCOUNT,NET_AMOUNT,CASH,SAS_NO,CHEQUES,CREDITCARD,CREDIT,DESCRIPTION,COMPANY_NAME,ADDRESS,TELNO,WEB,FAX) values (384,'001',to_date('09-JUN-15','DD-MON-RR'),1,32500,0,32500,32500,1,0,0,0,'CASH','Sri Lanka Furniture Pvt (ltd)','Galigamuwa','05528754215','srilankafurniture.lk','05528754215');
Insert into SYSTEM.SALES_SUMMURY_VIEW (INVOICE_NO,CUS_CODE,DDATE,SALES_TYPE,TOTAL_AMOUNT,DISCOUNT,NET_AMOUNT,CASH,SAS_NO,CHEQUES,CREDITCARD,CREDIT,DESCRIPTION,COMPANY_NAME,ADDRESS,TELNO,WEB,FAX) values (385,'122212',to_date('09-JUN-15','DD-MON-RR'),1,65000,0,65000,65000,1,0,0,0,'CASH','Sri Lanka Furniture Pvt (ltd)','Galigamuwa','05528754215','srilankafurniture.lk','05528754215');
Insert into SYSTEM.SALES_SUMMURY_VIEW (INVOICE_NO,CUS_CODE,DDATE,SALES_TYPE,TOTAL_AMOUNT,DISCOUNT,NET_AMOUNT,CASH,SAS_NO,CHEQUES,CREDITCARD,CREDIT,DESCRIPTION,COMPANY_NAME,ADDRESS,TELNO,WEB,FAX) values (386,'01',to_date('09-JUN-15','DD-MON-RR'),1,6500,0,6500,6500,1,0,0,0,'CASH','Sri Lanka Furniture Pvt (ltd)','Galigamuwa','05528754215','srilankafurniture.lk','05528754215');
Insert into SYSTEM.SALES_SUMMURY_VIEW (INVOICE_NO,CUS_CODE,DDATE,SALES_TYPE,TOTAL_AMOUNT,DISCOUNT,NET_AMOUNT,CASH,SAS_NO,CHEQUES,CREDITCARD,CREDIT,DESCRIPTION,COMPANY_NAME,ADDRESS,TELNO,WEB,FAX) values (390,'01',to_date('09-JUN-15','DD-MON-RR'),1,32500,0,32500,32500,1,0,0,0,'CASH','Sri Lanka Furniture Pvt (ltd)','Galigamuwa','05528754215','srilankafurniture.lk','05528754215');
Insert into SYSTEM.SALES_SUMMURY_VIEW (INVOICE_NO,CUS_CODE,DDATE,SALES_TYPE,TOTAL_AMOUNT,DISCOUNT,NET_AMOUNT,CASH,SAS_NO,CHEQUES,CREDITCARD,CREDIT,DESCRIPTION,COMPANY_NAME,ADDRESS,TELNO,WEB,FAX) values (391,'01',to_date('09-JUN-15','DD-MON-RR'),1,13000,0,13000,13000,1,0,0,0,'CASH','Sri Lanka Furniture Pvt (ltd)','Galigamuwa','05528754215','srilankafurniture.lk','05528754215');
Insert into SYSTEM.SALES_SUMMURY_VIEW (INVOICE_NO,CUS_CODE,DDATE,SALES_TYPE,TOTAL_AMOUNT,DISCOUNT,NET_AMOUNT,CASH,SAS_NO,CHEQUES,CREDITCARD,CREDIT,DESCRIPTION,COMPANY_NAME,ADDRESS,TELNO,WEB,FAX) values (401,'wer234',to_date('15-JUN-15','DD-MON-RR'),1,38000,0,38000,38000,1,0,0,0,'CASH','Sri Lanka Furniture Pvt (ltd)','Galigamuwa','05528754215','srilankafurniture.lk','05528754215');
Insert into SYSTEM.SALES_SUMMURY_VIEW (INVOICE_NO,CUS_CODE,DDATE,SALES_TYPE,TOTAL_AMOUNT,DISCOUNT,NET_AMOUNT,CASH,SAS_NO,CHEQUES,CREDITCARD,CREDIT,DESCRIPTION,COMPANY_NAME,ADDRESS,TELNO,WEB,FAX) values (402,'13',to_date('15-JUN-15','DD-MON-RR'),1,12000,0,12000,12000,1,0,0,0,'CASH','Sri Lanka Furniture Pvt (ltd)','Galigamuwa','05528754215','srilankafurniture.lk','05528754215');
Insert into SYSTEM.SALES_SUMMURY_VIEW (INVOICE_NO,CUS_CODE,DDATE,SALES_TYPE,TOTAL_AMOUNT,DISCOUNT,NET_AMOUNT,CASH,SAS_NO,CHEQUES,CREDITCARD,CREDIT,DESCRIPTION,COMPANY_NAME,ADDRESS,TELNO,WEB,FAX) values (403,'13',to_date('15-JUN-15','DD-MON-RR'),1,8750,0,8750,8750,1,0,0,0,'CASH','Sri Lanka Furniture Pvt (ltd)','Galigamuwa','05528754215','srilankafurniture.lk','05528754215');
Insert into SYSTEM.SALES_SUMMURY_VIEW (INVOICE_NO,CUS_CODE,DDATE,SALES_TYPE,TOTAL_AMOUNT,DISCOUNT,NET_AMOUNT,CASH,SAS_NO,CHEQUES,CREDITCARD,CREDIT,DESCRIPTION,COMPANY_NAME,ADDRESS,TELNO,WEB,FAX) values (404,'001',to_date('15-JUN-15','DD-MON-RR'),4,12350,0,12350,0,1,0,12350,0,'CREDITCARD','Sri Lanka Furniture Pvt (ltd)','Galigamuwa','05528754215','srilankafurniture.lk','05528754215');
Insert into SYSTEM.SALES_SUMMURY_VIEW (INVOICE_NO,CUS_CODE,DDATE,SALES_TYPE,TOTAL_AMOUNT,DISCOUNT,NET_AMOUNT,CASH,SAS_NO,CHEQUES,CREDITCARD,CREDIT,DESCRIPTION,COMPANY_NAME,ADDRESS,TELNO,WEB,FAX) values (405,'01',to_date('15-JUN-15','DD-MON-RR'),5,29100,0,29100,10000,1,2500,6600,10000,'MIX TYPE','Sri Lanka Furniture Pvt (ltd)','Galigamuwa','05528754215','srilankafurniture.lk','05528754215');
Insert into SYSTEM.SALES_SUMMURY_VIEW (INVOICE_NO,CUS_CODE,DDATE,SALES_TYPE,TOTAL_AMOUNT,DISCOUNT,NET_AMOUNT,CASH,SAS_NO,CHEQUES,CREDITCARD,CREDIT,DESCRIPTION,COMPANY_NAME,ADDRESS,TELNO,WEB,FAX) values (421,'01',to_date('16-JUN-15','DD-MON-RR'),1,11500,0,11500,11500,1,0,0,0,'CASH','Sri Lanka Furniture Pvt (ltd)','Galigamuwa','05528754215','srilankafurniture.lk','05528754215');
Insert into SYSTEM.SALES_SUMMURY_VIEW (INVOICE_NO,CUS_CODE,DDATE,SALES_TYPE,TOTAL_AMOUNT,DISCOUNT,NET_AMOUNT,CASH,SAS_NO,CHEQUES,CREDITCARD,CREDIT,DESCRIPTION,COMPANY_NAME,ADDRESS,TELNO,WEB,FAX) values (441,'001',to_date('12-JUL-15','DD-MON-RR'),5,84140,0,84140,55640,1,2500,25000,1000,'MIX TYPE','Sri Lanka Furniture Pvt (ltd)','Galigamuwa','05528754215','srilankafurniture.lk','05528754215');
Insert into SYSTEM.SALES_SUMMURY_VIEW (INVOICE_NO,CUS_CODE,DDATE,SALES_TYPE,TOTAL_AMOUNT,DISCOUNT,NET_AMOUNT,CASH,SAS_NO,CHEQUES,CREDITCARD,CREDIT,DESCRIPTION,COMPANY_NAME,ADDRESS,TELNO,WEB,FAX) values (461,'CASH',to_date('17-AUG-15','DD-MON-RR'),5,18660,0,18660,9000,1,8000,1000,660,'MIX TYPE','Sri Lanka Furniture Pvt (ltd)','Galigamuwa','05528754215','srilankafurniture.lk','05528754215');
Insert into SYSTEM.SALES_SUMMURY_VIEW (INVOICE_NO,CUS_CODE,DDATE,SALES_TYPE,TOTAL_AMOUNT,DISCOUNT,NET_AMOUNT,CASH,SAS_NO,CHEQUES,CREDITCARD,CREDIT,DESCRIPTION,COMPANY_NAME,ADDRESS,TELNO,WEB,FAX) values (341,'01',to_date('24-MAY-15','DD-MON-RR'),1,12998,0,12998,12998,1,0,0,0,'CASH','Sri Lanka Furniture Pvt (ltd)','Galigamuwa','05528754215','srilankafurniture.lk','05528754215');
Insert into SYSTEM.SALES_SUMMURY_VIEW (INVOICE_NO,CUS_CODE,DDATE,SALES_TYPE,TOTAL_AMOUNT,DISCOUNT,NET_AMOUNT,CASH,SAS_NO,CHEQUES,CREDITCARD,CREDIT,DESCRIPTION,COMPANY_NAME,ADDRESS,TELNO,WEB,FAX) values (342,'01',to_date('24-MAY-15','DD-MON-RR'),1,32498,0,32498,32498,1,0,0,0,'CASH','Sri Lanka Furniture Pvt (ltd)','Galigamuwa','05528754215','srilankafurniture.lk','05528754215');
REM INSERTING into SYSTEM.STOCK_VIEW
SET DEFINE OFF;
Insert into SYSTEM.STOCK_VIEW (SAS_NO,ITEM_CODE,QTY) values (1,61,1);
Insert into SYSTEM.STOCK_VIEW (SAS_NO,ITEM_CODE,QTY) values (1,41,199);
Insert into SYSTEM.STOCK_VIEW (SAS_NO,ITEM_CODE,QTY) values (1,63,7);
Insert into SYSTEM.STOCK_VIEW (SAS_NO,ITEM_CODE,QTY) values (1,67,2);
Insert into SYSTEM.STOCK_VIEW (SAS_NO,ITEM_CODE,QTY) values (1,50,43);
Insert into SYSTEM.STOCK_VIEW (SAS_NO,ITEM_CODE,QTY) values (1,64,19);
Insert into SYSTEM.STOCK_VIEW (SAS_NO,ITEM_CODE,QTY) values (1,62,6);
Insert into SYSTEM.STOCK_VIEW (SAS_NO,ITEM_CODE,QTY) values (1,66,8);
Insert into SYSTEM.STOCK_VIEW (SAS_NO,ITEM_CODE,QTY) values (1,65,9);
Insert into SYSTEM.STOCK_VIEW (SAS_NO,ITEM_CODE,QTY) values (1,68,8);
